{
  "editorVersion": "6.3.22",
  "docType": "5",
  "title": "smartdice",
  "description": "",
  "colors": {},
  "schematics": [
    {
      "docType": "1",
      "title": "schematic",
      "description": "",
      "dataStr": "{\"head\":{\"docType\":\"1\",\"editorVersion\":\"6.3.22\",\"c_para\":{\"Prefix Start\":\"1\"},\"c_spiceCmd\":null},\"canvas\":\"CA~1000~1000~#FFFFFF~yes~#CCCCCC~5~1000~1000~line~5~pixel~5~0~0\",\"shape\":[\"LIB~10~-885~package`NONE`BOM_Manufacturer Part`?`spicePre`.`~~0~frame_lib_1~~~0~~yes~yes#@$T~N~10~-878~0~#000080~Arial~~~~~comment~ ~0~start~gge77~0~#@$T~P~1159~-901.5~0~#000080~Arial~~~~~comment~ ~0~start~gge76~0~#@$PT~M 216 -875 L 216 -885 M 216 -89 L 216 -79 M 412 -875 L 412 -885 M 412 -89 L 412 -79 M 608 -875 L 608 -885 M 608 -89 L 608 -79 M 804 -875 L 804 -885 M 804 -89 L 804 -79 M 1000 -875 L 1000 -885 M 1000 -89 L 1000 -79 M 20 -679 L 10 -679 M 1149 -679 L 1159 -679 M 20 -483 L 10 -483 M 1149 -483 L 1159 -483 M 20 -287 L 10 -287 M 1149 -287 L 1159 -287 M 20 -91 L 10 -91 M 1149 -91 L 1159 -91~#880000~1~0~none~gge6~0~frame_tick#@$T~L~11.5~-777~0~#880000~~~~~~comment~A~1~start~gge7~0~frame_tick#@$T~L~1150.5~-777~0~#880000~~~~~~comment~A~1~start~gge9~0~frame_tick#@$T~L~11.5~-581~0~#880000~~~~~~comment~B~1~start~gge11~0~frame_tick#@$T~L~1150.5~-581~0~#880000~~~~~~comment~B~1~start~gge13~0~frame_tick#@$T~L~11.5~-385~0~#880000~~~~~~comment~C~1~start~gge15~0~frame_tick#@$T~L~1150.5~-385~0~#880000~~~~~~comment~C~1~start~gge17~0~frame_tick#@$T~L~11.5~-189~0~#880000~~~~~~comment~D~1~start~gge19~0~frame_tick#@$T~L~1150.5~-189~0~#880000~~~~~~comment~D~1~start~gge21~0~frame_tick#@$T~L~118~-876.5~0~#880000~~~~~~comment~1~1~start~gge23~0~frame_tick#@$T~L~118~-80.5~0~#880000~~~~~~comment~1~1~start~gge25~0~frame_tick#@$T~L~314~-876.5~0~#880000~~~~~~comment~2~1~start~gge27~0~frame_tick#@$T~L~314~-80.5~0~#880000~~~~~~comment~2~1~start~gge29~0~frame_tick#@$T~L~510~-876.5~0~#880000~~~~~~comment~3~1~start~gge31~0~frame_tick#@$T~L~510~-80.5~0~#880000~~~~~~comment~3~1~start~gge33~0~frame_tick#@$T~L~706~-876.5~0~#880000~~~~~~comment~4~1~start~gge35~0~frame_tick#@$T~L~706~-80.5~0~#880000~~~~~~comment~4~1~start~gge37~0~frame_tick#@$T~L~902~-876.5~0~#880000~~~~~~comment~5~1~start~gge39~0~frame_tick#@$T~L~902~-80.5~0~#880000~~~~~~comment~5~1~start~gge?~0~frame_tick#@$R~20~-875~~~1129~786~#880000~1~0~none~gge42~0~frame_innerbox#@$R~10~-885~~~1149~806~#880000~1~0~none~gge43~0~frame_outbox#@$R~704.99995~-169~~~444~80~#880000~1~0~none~gge44~0~frame_hitarea#@$PL~705.1 -129.75 1148.63 -129.75~#880000~1~0~none~gge45~0#@$PL~809.63 -109.75 1148.63 -109.75~#880000~1~0~none~gge46~0#@$PL~1069.61 -168.93 1069.63 -129.75~#880000~1~0~none~gge47~0#@$PL~1069.63 -129.75 1069.63 -109.75~#880000~1~0~none~gge48~0#@$T~L~709.99995~-156~0~#880000~~8pt~~~~comment~TITLE:~1~start~gge49~0~pinpart#@$T~L~749.99995~-155~0~#0000FF~~10pt~~~~comment~Smart Dice - Schematic~1~start~gge51~0~frame_title#@$T~L~1074.62495~-142.75~0~#880000~~8pt~~~~comment~REV:~1~start~gge53~0~pinpart#@$T~L~1112.62495~-142.75~0~#0000FF~~9pt~~~~comment~1.0~1~start~gge55~0~frame_version#@$T~L~814.62495~-94~0~#880000~~8pt~~~~comment~Date:~1~start~gge57~0~pinpart#@$T~L~861.62495~-93.52~0~#0000FF~~9pt~~~~comment~2020-02-23~1~start~gge59~0~frame_date#@$T~L~1073.62495~-114~0~#880000~~8pt~~~~comment~Sheet:~1~start~gge61~0~pinpart#@$T~L~1118.62495~-113.52~0~#0000FF~~9pt~~~~comment~1/1~1~start~gge63~0~frame_sheet#@$T~L~953.62495~-93.75~0~#880000~~8pt~~~~comment~Drawn By:~1~start~gge65~0~pinpart#@$T~L~1018.63~-93.75~0~#0000FF~~9pt~~~~comment~JensVanhulst~1~start~gge67~0~frame_drawn#@$T~L~814.62495~-115.75~0~#880000~~8pt~~~~comment~Company:~1~start~gge69~0~pinpart#@$T~L~874.99995~-115~0~#0000FF~~9pt~~~~comment~ONEPLAY~1~start~gge71~0~frame_company#@$PL~809.63 -129.75 809.63 -89.75~#880000~1~0~none~gge73~0\",\"LIB~440~-630~package`210S-1X8P`BOM_Supplier`LCSC`BOM_Manufacturer`Ckmtw`BOM_Manufacturer Part`210S-1*8P L=11.6MMGold-plated black`Contributor`LCSC`BOM_Supplier Part`C124381`spicePre`H`spiceSymbolName`Header-Male-2.54_1x8`~90~0~gge98~89ae99e9b3ae49ed97864d0edea22a1a~c99800e04af1474aaf1069c95dc7e57a~0~45bc4fe99641507f~yes~yes#@$T~N~394~-647.5~0~#000080~Arial~~~~~comment~TFT Display~0~start~gge1985~0~#@$T~P~395~-650~0~#000080~Arial~~~~~comment~TFT_DISPLAY~1~start~gge101~0~#@$R~395~-645~2~2~90~25~#880000~1~0~none~gge103~0~#@$E~398~-623~1.5~1.5~#880000~1~0~#880000~gge104~0#@$P~show~0~1~405~-610~270~gge105~0^^405~-610^^M 405 -610 v -10~#880000^^1~409~-623.7~270~1~start~~~#0000FF^^0~404~-619.5~270~1~end~~~#0000FF^^0~405~-617^^0~M 408 -620 L 405 -623 L 402 -620#@$P~show~0~2~415~-610~270~gge112~0^^415~-610^^M 415 -610 v -10~#880000^^1~419~-623.7~270~2~start~~~#0000FF^^0~414~-619.5~270~2~end~~~#0000FF^^0~415~-617^^0~M 418 -620 L 415 -623 L 412 -620#@$P~show~0~3~425~-610~270~gge119~0^^425~-610^^M 425 -610 v -10~#880000^^1~429~-623.7~270~3~start~~~#0000FF^^0~424~-619.5~270~3~end~~~#0000FF^^0~425~-617^^0~M 428 -620 L 425 -623 L 422 -620#@$P~show~0~4~435~-610~270~gge126~0^^435~-610^^M 435 -610 v -10~#880000^^1~439~-623.7~270~4~start~~~#0000FF^^0~434~-619.5~270~4~end~~~#0000FF^^0~435~-617^^0~M 438 -620 L 435 -623 L 432 -620#@$P~show~0~5~445~-610~270~gge133~0^^445~-610^^M 445 -610 v -10~#880000^^1~449~-623.7~270~5~start~~~#0000FF^^0~444~-619.5~270~5~end~~~#0000FF^^0~445~-617^^0~M 448 -620 L 445 -623 L 442 -620#@$P~show~0~6~455~-610~270~gge140~0^^455~-610^^M 455 -610 v -10~#880000^^1~459~-623.7~270~6~start~~~#0000FF^^0~454~-619.5~270~6~end~~~#0000FF^^0~455~-617^^0~M 458 -620 L 455 -623 L 452 -620#@$P~show~0~7~465~-610~270~gge147~0^^465~-610^^M 465 -610 v -10~#880000^^1~469~-623.7~270~7~start~~~#0000FF^^0~464~-619.5~270~7~end~~~#0000FF^^0~465~-617^^0~M 468 -620 L 465 -623 L 462 -620#@$P~show~0~8~475~-610~270~gge154~0^^475~-610^^M 475 -610 v -10~#880000^^1~479~-623.7~270~8~start~~~#0000FF^^0~474~-619.5~270~8~end~~~#0000FF^^0~475~-617^^0~M 478 -620 L 475 -623 L 472 -620\",\"LIB~520~-630~package`HDR-TH_3P-P2.54-V`BOM_Supplier`LCSC`BOM_Manufacturer`BOOMELE`BOM_Manufacturer Part`Header2.54mm 1*3P`image`//image.lceda.cn/szlcsc/C49257.jpg`BOM_Supplier Part`C49257`spicePre`H`spiceSymbolName`Header-Male-2.54_1x3`~90~0~gge226~7e70b923819e4f3bb9fdeaf4abdca9d3~21f8f80a3f7c3c2b00b33f71a31ff6ef~0~93a26f39dfb5535c~yes~yes#@$T~N~500.5~-647.5~0~#000080~Arial~~~~~comment~WS2812B~0~start~gge1986~0~#@$T~P~500~-650~0~#000080~Arial~~~~~comment~NEOPIXEL~1~start~gge229~0~#@$R~500~-645~2~2~40~20~#880000~1~0~none~gge231~0~#@$P~show~1~3~530~-615~270~gge232~0^^530~-615^^M 530 -615 v -10~#000000^^1~533~-630~270~3~start~~~#000000^^0~529~-625~270~3~end~~~#000000^^0~530~-622^^0~M 533 -625 L 530 -628 L 527 -625#@$P~show~1~1~510~-615~270~gge239~0^^510~-615^^M 510 -615 v -10~#000000^^1~513~-630~270~1~start~~~#000000^^0~509~-625~270~1~end~~~#000000^^0~510~-622^^0~M 513 -625 L 510 -628 L 507 -625#@$P~show~1~2~520~-615~270~gge246~0^^520~-615^^M 520 -615 v -10~#000000^^1~523~-630~270~2~start~~~#000000^^0~519~-625~270~2~end~~~#000000^^0~520~-622^^0~M 523 -625 L 520 -628 L 517 -625\",\"LIB~665~-640~package`HDR-2X1/2.54`BOM_Supplier`LCSC`BOM_Manufacturer`TE Connectivity`BOM_Manufacturer Part`826629-2`image`//image.lceda.cn/szlcsc/C86471.jpg`BOM_Supplier Part`C86471`spicePre`H`spiceSymbolName`Header-Male-2.54_1x2`~90~0~gge282~5c1455a53d5d4672ba39c109d432628f~c996990367134df4854174670f257897~0~7fb7cd12ed1540e4~yes~yes#@$T~N~644.0625~-657.65625~0~#000080~Arial~~~~~comment~Battery~0~start~gge1987~0~#@$T~P~645~-660~0~#000080~Arial~~~~~comment~BATTERY~1~start~gge285~0~#@$R~645~-655~2~2~40~20~#880000~1~0~none~gge287~0~#@$P~show~0~1~655~-625~270~gge288~0^^655~-625^^M 655 -625 v -10~#880000^^1~658~-637~270~1~start~~~#0000FF^^0~654~-635~270~1~end~~~#0000FF^^0~655~-632^^0~M 658 -635 L 655 -638 L 652 -635#@$P~show~0~2~675~-625~270~gge295~0^^675~-625^^M 675 -625 v -10~#880000^^1~678~-637~270~2~start~~~#0000FF^^0~674~-635~270~2~end~~~#0000FF^^0~675~-632^^0~M 678 -635 L 675 -638 L 672 -635\",\"LIB~665~-580~package`BAT CHARGER`BOM_Supplier`LCSC`BOM_Manufacturer`TE Connectivity`BOM_Manufacturer Part`826629-2`image`//image.lceda.cn/szlcsc/C86471.jpg`BOM_Supplier Part`C86471`spicePre`H`spiceSymbolName`Header-Male-2.54_1x2`~270~0~gge304~6ffb8b4d8b064dc4a39dc65fe293b41b~c996990367134df4854174670f257897~0~b0c501f2e0e8b006~yes~yes#@$T~P~687~-577.5~0~#000080~Arial~~~~~comment~CHARGER~0~start~gge1989~0~#@$T~N~690~-555~0~#000080~Arial~~~~~comment~CHARGER~1~end~gge1988~0~#@$R~645~-585~2~2~40~20~#880000~1~0~none~gge309~0~#@$P~show~0~1~655~-595~90~gge310~0^^655~-595^^M 655 -595 v 10~#880000^^1~658~-583~270~1~end~~~#0000FF^^0~654~-585~270~1~start~~~#0000FF^^0~655~-588^^0~M 658 -585 L 655 -582 L 652 -585#@$P~show~0~2~675~-595~90~gge317~0^^675~-595^^M 675 -595 v 10~#880000^^1~678~-583~270~2~end~~~#0000FF^^0~674~-585~270~2~start~~~#0000FF^^0~675~-588^^0~M 678 -585 L 675 -582 L 672 -585\",\"W~675 -625 675 -595~#0000FF~1~0~none~gge346~0\",\"W~655 -625 655 -595~#FF0000~1~0~none~gge347~0\",\"LIB~550~-495~package`WEMOS_D1_MINI_BOARD`sourceId`YemgaslDx`timeStamp`1474924859`Contributor`CharlieBowman`BOM_Supplier Part``BOM_Supplier``spicePre`U`spiceSymbolName`WEMOS D1`BOM_Manufacturer Part``~~0~gge1093~e7af4659b60341d5bea9e928f3ef01cd~6ea757ae432c449d92b9eeaf44a4da63~0~8d585864ec8bdf99~yes~yes#@$T~N~604~-498.5~0~#000080~Arial~~~~~comment~WEMOS D1~1~start~gge1094~0~#@$T~P~604~-507.5~0~#000080~Arial~~~~~comment~U1~1~start~gge1096~0~#@$PL~550 -405 550 -495~#8D2323~1~0~none~gge1098~0#@$PL~550 -495 670 -495~#8D2323~1~0~none~gge1099~0#@$PL~670 -495 670 -405~#8D2323~1~0~none~gge1100~0#@$PL~670 -405 550 -405~#8D2323~1~0~none~gge1101~0#@$P~show~0~3V3~530~-415~180~gge1102~0^^530~-415^^M 530 -415 h 20~#FF0000^^1~553~-412~0~3V3~start~~~#FF0000^^1~544~-416~0~8~end~~~#FF0000^^0~547~-415^^0~M 550 -412 L 553 -415 L 550 -418#@$P~show~0~D8~530~-425~180~gge1109~0^^530~-425^^M 530 -425 h 20~#0000FF^^1~553~-422~0~D8~start~~~#0000FF^^1~544~-426~0~7~end~~~#0000FF^^0~547~-425^^0~M 550 -422 L 553 -425 L 550 -428#@$P~show~0~D0~530~-465~180~gge1116~0^^530~-465^^M 530 -465 h 20~#0000FF^^1~553~-462~0~D0~start~~~#0000FF^^1~544~-466~0~3~end~~~#0000FF^^0~547~-465^^0~M 550 -462 L 553 -465 L 550 -468#@$P~show~0~A0~530~-475~180~gge1123~0^^530~-475^^M 530 -475 h 20~#0000FF^^1~553~-472~0~A0~start~~~#0000FF^^1~544~-476~0~2~end~~~#0000FF^^0~547~-475^^0~M 550 -472 L 553 -475 L 550 -478#@$P~show~0~RST~530~-485~180~gge1130~0^^530~-485^^M 530 -485 h 20~#0000FF^^1~553~-482~0~RST~start~~~#0000FF^^1~544~-486~0~1~end~~~#0000FF^^0~547~-485^^0~M 550 -482 L 553 -485 L 550 -488#@$P~show~0~5V~690~-415~0~gge1137~0^^690~-415^^M 690 -415 h -20~#FF0000^^1~667~-412~0~5V~end~~~#FF0000^^1~676~-416~0~9~start~~~#FF0000^^0~673~-415^^0~M 670 -418 L 667 -415 L 670 -412#@$P~show~0~GND~690~-425~0~gge1144~0^^690~-425^^M 690 -425 h -20~#000000^^1~667~-422~0~GND~end~~~#000000^^1~676~-426~0~10~start~~~#000000^^0~673~-425^^0~M 670 -428 L 667 -425 L 670 -422#@$P~show~0~D4~690~-435~0~gge1151~0^^690~-435^^M 690 -435 h -20~#0000FF^^1~667~-432~0~D4~end~~~#0000FF^^1~676~-436~0~11~start~~~#0000FF^^0~673~-435^^0~M 670 -438 L 667 -435 L 670 -432#@$P~show~0~D3~690~-445~0~gge1158~0^^690~-445^^M 690 -445 h -20~#0000FF^^1~667~-442~0~D3~end~~~#0000FF^^1~676~-446~0~12~start~~~#0000FF^^0~673~-445^^0~M 670 -448 L 667 -445 L 670 -442#@$P~show~0~D2~690~-455~0~gge1165~0^^690~-455^^M 690 -455 h -20~#0000FF^^1~667~-452~0~D2~end~~~#0000FF^^1~676~-456~0~13~start~~~#0000FF^^0~673~-455^^0~M 670 -458 L 667 -455 L 670 -452#@$P~show~0~D1~690~-465~0~gge1172~0^^690~-465^^M 690 -465 h -20~#0000FF^^1~667~-462~0~D1~end~~~#0000FF^^1~676~-466~0~14~start~~~#0000FF^^0~673~-465^^0~M 670 -468 L 667 -465 L 670 -462#@$P~show~0~RX~690~-475~0~gge1179~0^^690~-475^^M 690 -475 h -20~#0000FF^^1~667~-472~0~RX~end~~~#0000FF^^1~676~-476~0~15~start~~~#0000FF^^0~673~-475^^0~M 670 -478 L 667 -475 L 670 -472#@$P~show~0~TX~690~-485~0~gge1186~0^^690~-485^^M 690 -485 h -20~#0000FF^^1~667~-482~0~TX~end~~~#0000FF^^1~676~-486~0~16~start~~~#0000FF^^0~673~-485^^0~M 670 -488 L 667 -485 L 670 -482#@$P~show~0~D8~530~-435~180~gge1193~0^^530~-435^^M 530 -435 h 20~#0000FF^^1~553~-432~0~D7~start~~~#0000FF^^1~544~-436~0~6~end~~~#0000FF^^0~547~-435^^0~M 550 -432 L 553 -435 L 550 -438#@$P~show~0~D8~530~-445~180~gge1200~0^^530~-445^^M 530 -445 h 20~#0000FF^^1~553~-442~0~D6~start~~~#0000FF^^1~544~-446~0~5~end~~~#0000FF^^0~547~-445^^0~M 550 -442 L 553 -445 L 550 -448#@$P~show~0~D8~530~-455~180~gge1207~0^^530~-455^^M 530 -455 h 20~#0000FF^^1~553~-452~0~D5~start~~~#0000FF^^1~544~-456~0~4~end~~~#0000FF^^0~547~-455^^0~M 550 -452 L 553 -455 L 550 -458\",\"LIB~365~-530~package`HDR-TH_3P-P2.54-V`BOM_Supplier`LCSC`BOM_Manufacturer`BOOMELE`BOM_Manufacturer Part`Header2.54mm 1*3P`image`//image.lceda.cn/szlcsc/C49257.jpg`BOM_Supplier Part`C49257`spicePre`H`spiceSymbolName`Header-Male-2.54_1x3`~90~0~gge1337~7e70b923819e4f3bb9fdeaf4abdca9d3~21f8f80a3f7c3c2b00b33f71a31ff6ef~0~8e0b1bc5de1cf3ab~yes~yes#@$T~N~345~-551~0~#000080~Arial~~~~~comment~Ball Sensor~0~start~gge1990~0~#@$T~P~345~-550~0~#000080~Arial~~~~~comment~BALL_SENSOR~1~start~gge1340~0~#@$R~345~-545~2~2~40~20~#880000~1~0~none~gge1342~0~#@$P~show~1~3~375~-515~270~gge1343~0^^375~-515^^M 375 -515 v -10~#000000^^1~378~-530~270~3~start~~~#000000^^0~374~-525~270~3~end~~~#000000^^0~375~-522^^0~M 378 -525 L 375 -528 L 372 -525#@$P~show~1~1~355~-515~270~gge1350~0^^355~-515^^M 355 -515 v -10~#000000^^1~358~-530~270~1~start~~~#000000^^0~354~-525~270~1~end~~~#000000^^0~355~-522^^0~M 358 -525 L 355 -528 L 352 -525#@$P~show~1~2~365~-515~270~gge1357~0^^365~-515^^M 365 -515 v -10~#000000^^1~368~-530~270~2~start~~~#000000^^0~364~-525~270~2~end~~~#000000^^0~365~-522^^0~M 368 -525 L 365 -528 L 362 -525\",\"LIB~355~-445~package`HDR-TH_3P-P2.54-V`BOM_Supplier`LCSC`BOM_Manufacturer`BOOMELE`BOM_Manufacturer Part`Header2.54mm 1*3P`image`//image.lceda.cn/szlcsc/C49257.jpg`BOM_Supplier Part`C49257`spicePre`H`spiceSymbolName`Header-Male-2.54_1x3`~180~0~gge1393~7e70b923819e4f3bb9fdeaf4abdca9d3~21f8f80a3f7c3c2b00b33f71a31ff6ef~0~af76fd0d183a05db~yes~yes#@$T~N~338.15625~-457.734375~0~#000080~Arial~~~~~comment~Select Button~0~start~gge1956~0~#@$T~P~338.15625~-466.84375~0~#000080~Arial~~~~~comment~TCH3~1~start~gge1396~0~#@$R~340~-465~2~2~20~40~#880000~1~0~none~gge1398~0~#@$P~show~1~3~370~-455~0~gge1399~0^^370~-455^^M 370 -455 h -10~#000000^^1~355~-452~0~3~end~~~#000000^^0~360~-456~0~3~start~~~#000000^^0~363~-455^^0~M 360 -458 L 357 -455 L 360 -452#@$P~show~1~1~370~-435~0~gge1406~0^^370~-435^^M 370 -435 h -10~#000000^^1~355~-432~0~1~end~~~#000000^^0~360~-436~0~1~start~~~#000000^^0~363~-435^^0~M 360 -438 L 357 -435 L 360 -432#@$P~show~1~2~370~-445~0~gge1413~0^^370~-445^^M 370 -445 h -10~#000000^^1~355~-442~0~2~end~~~#000000^^0~360~-446~0~2~start~~~#000000^^0~363~-445^^0~M 360 -448 L 357 -445 L 360 -442\",\"LIB~785~-530~package`HDR-TH_3P-P2.54-V`BOM_Supplier`LCSC`BOM_Manufacturer`BOOMELE`BOM_Manufacturer Part`Header2.54mm 1*3P`image`//image.lceda.cn/szlcsc/C49257.jpg`BOM_Supplier Part`C49257`spicePre`H`spiceSymbolName`Header-Male-2.54_1x3`~0~0~gge1422~7e70b923819e4f3bb9fdeaf4abdca9d3~21f8f80a3f7c3c2b00b33f71a31ff6ef~0~24f84802652876dd~yes~yes#@$T~N~778~-554~0~#000080~Arial~~~~~comment~Left Button~0~start~gge1957~0~#@$T~P~777.5~-551.5~0~#000080~Arial~~~~~comment~TCH1~1~start~gge1425~0~#@$R~780~-550~2~2~20~40~#880000~1~0~none~gge1427~0~#@$P~show~1~3~770~-520~180~gge1428~0^^770~-520^^M 770 -520 h 10~#000000^^1~785~-517~0~3~start~~~#000000^^0~780~-521~0~3~end~~~#000000^^0~777~-520^^0~M 780 -517 L 783 -520 L 780 -523#@$P~show~1~1~770~-540~180~gge1435~0^^770~-540^^M 770 -540 h 10~#000000^^1~785~-537~0~1~start~~~#000000^^0~780~-541~0~1~end~~~#000000^^0~777~-540^^0~M 780 -537 L 783 -540 L 780 -543#@$P~show~1~2~770~-530~180~gge1442~0^^770~-530^^M 770 -530 h 10~#000000^^1~785~-527~0~2~start~~~#000000^^0~780~-531~0~2~end~~~#000000^^0~777~-530^^0~M 780 -527 L 783 -530 L 780 -533\",\"LIB~785~-455~package`HDR-TH_3P-P2.54-V`BOM_Supplier`LCSC`BOM_Manufacturer`BOOMELE`BOM_Manufacturer Part`Header2.54mm 1*3P`image`//image.lceda.cn/szlcsc/C49257.jpg`BOM_Supplier Part`C49257`spicePre`H`spiceSymbolName`Header-Male-2.54_1x3`~0~0~gge1451~7e70b923819e4f3bb9fdeaf4abdca9d3~21f8f80a3f7c3c2b00b33f71a31ff6ef~0~06a19c5accb3c2f7~yes~yes#@$T~N~778~-479~0~#000080~Arial~~~~~comment~Right Button~0~start~gge1958~0~#@$T~P~777.5~-476.5~0~#000080~Arial~~~~~comment~TCH2~1~start~gge1454~0~#@$R~780~-475~2~2~20~40~#880000~1~0~none~gge1456~0~#@$P~show~1~3~770~-445~180~gge1457~0^^770~-445^^M 770 -445 h 10~#000000^^1~785~-442~0~3~start~~~#000000^^0~780~-446~0~3~end~~~#000000^^0~777~-445^^0~M 780 -442 L 783 -445 L 780 -448#@$P~show~1~1~770~-465~180~gge1464~0^^770~-465^^M 770 -465 h 10~#000000^^1~785~-462~0~1~start~~~#000000^^0~780~-466~0~1~end~~~#000000^^0~777~-465^^0~M 780 -462 L 783 -465 L 780 -468#@$P~show~1~2~770~-455~180~gge1471~0^^770~-455^^M 770 -455 h 10~#000000^^1~785~-452~0~2~start~~~#000000^^0~780~-456~0~2~end~~~#000000^^0~777~-455^^0~M 780 -452 L 783 -455 L 780 -458\",\"F~part_netLabel_VCC~375~-455~270~gge1507~~0^^375~-455^^VCC~#000000~385.5~-450.5~0~start~0~Times New Roman~9pt~gge1509^^PL~385 -455 375 -455~#000000~1~0~none~gge1511~0^^PL~385 -460 385 -450~#000000~1~0~transparent~gge1512~0\",\"W~375 -455 370 -455~#FF0000~1~0~none~gge1519~0\",\"F~part_netLabel_gnD~380~-435~0~gge1520~~0^^380~-435^^GND~#000000~367.25~-408~0~start~0~Times New Roman~9pt~gge1522^^PL~380 -425 380 -435~#000000~1~0~transparent~gge1524~0^^PL~371 -425 389 -425~#000000~1~0~transparent~gge1525~0^^PL~374 -423 386 -423~#000000~1~0~transparent~gge1526~0^^PL~377 -421 383 -421~#000000~1~0~transparent~gge1527~0^^PL~379 -419 381 -419~#000000~1~0~transparent~gge1528~0\",\"W~380 -435 370 -435~#0000FF~1~0~none~gge1538~0\",\"F~part_netLabel_gnD~380~-510~90~gge1551~~0^^380~-510^^GND~#000000~367.03125~-482.75~0~start~0~Times New Roman~9pt~gge1553^^PL~390 -510 380 -510~#000000~1~0~transparent~gge1555~0^^PL~390 -501 390 -519~#000000~1~0~transparent~gge1556~0^^PL~392 -504 392 -516~#000000~1~0~transparent~gge1557~0^^PL~394 -507 394 -513~#000000~1~0~transparent~gge1558~0^^PL~396 -509 396 -511~#000000~1~0~transparent~gge1559~0\",\"W~380 -510 375 -510 375 -515~#0000FF~1~0~none~gge1569~0\",\"F~part_netLabel_VCC~745~-435~180~gge1577~~0^^745~-435^^VCC~#000000~732.9609375~-414.125~0~start~0~Times New Roman~9pt~gge1579^^PL~745 -425 745 -435~#000000~1~0~none~gge1581~0^^PL~750 -425 740 -425~#000000~1~0~transparent~gge1582~0\",\"F~part_netLabel_gnD~760~-425~0~gge1598~~0^^760~-425^^GND~#000000~747.21875~-398.125~0~start~0~Times New Roman~9pt~gge1600^^PL~760 -415 760 -425~#000000~1~0~transparent~gge1602~0^^PL~751 -415 769 -415~#000000~1~0~transparent~gge1603~0^^PL~754 -413 766 -413~#000000~1~0~transparent~gge1604~0^^PL~757 -411 763 -411~#000000~1~0~transparent~gge1605~0^^PL~759 -409 761 -409~#000000~1~0~transparent~gge1606~0\",\"F~part_netLabel_gnD~685~-610~90~gge1620~~0^^685~-610^^GND~#000000~701.5~-605.921875~0~start~0~Times New Roman~9pt~gge1622^^PL~695 -610 685 -610~#000000~1~0~transparent~gge1624~0^^PL~695 -601 695 -619~#000000~1~0~transparent~gge1625~0^^PL~697 -604 697 -616~#000000~1~0~transparent~gge1626~0^^PL~699 -607 699 -613~#000000~1~0~transparent~gge1627~0^^PL~701 -609 701 -611~#000000~1~0~transparent~gge1628~0\",\"W~685 -610 675 -610~#0000FF~1~0~none~gge1638~0\",\"F~part_netLabel_gnD~535~-610~90~gge1640~~0^^535~-610^^GND~#000000~522.25~-583~0~start~0~Times New Roman~9pt~gge1642^^PL~545 -610 535 -610~#000000~1~0~transparent~gge1644~0^^PL~545 -601 545 -619~#000000~1~0~transparent~gge1645~0^^PL~547 -604 547 -616~#000000~1~0~transparent~gge1646~0^^PL~549 -607 549 -613~#000000~1~0~transparent~gge1647~0^^PL~551 -609 551 -611~#000000~1~0~transparent~gge1648~0\",\"F~part_netLabel_VCC~510~-605~180~gge1659~~0^^510~-605^^VCC~#000000~488~-586.25~0~start~0~Times New Roman~9pt~gge1661^^PL~510 -595 510 -605~#000000~1~0~none~gge1663~0^^PL~515 -595 505 -595~#000000~1~0~transparent~gge1664~0\",\"W~510 -605 510 -615~#FF0000~1~0~none~gge1671~0\",\"LIB~615~-640~package`HDR-TH_3P-P2.54-V`BOM_Supplier`LCSC`BOM_Manufacturer`BOOMELE`BOM_Manufacturer Part`Header2.54mm 1*3P`image`//image.lceda.cn/szlcsc/C49257.jpg`BOM_Supplier Part`C49257`spicePre`H`spiceSymbolName`Header-Male-2.54_1x3`~90~0~gge1672~7e70b923819e4f3bb9fdeaf4abdca9d3~21f8f80a3f7c3c2b00b33f71a31ff6ef~0~648972a34134d309~yes~yes#@$T~N~594.71875~-657.71875~0~#000080~Arial~~~~~comment~Switch~0~start~gge1932~0~#@$T~P~595~-660~0~#000080~Arial~~~~~comment~SW1~1~start~gge1675~0~#@$R~595~-655~2~2~40~20~#880000~1~0~none~gge1677~0~#@$P~show~1~3~625~-625~270~gge1678~0^^625~-625^^M 625 -625 v -10~#000000^^1~628~-640~270~3~start~~~#000000^^0~624~-635~270~3~end~~~#000000^^0~625~-632^^0~M 628 -635 L 625 -638 L 622 -635#@$P~show~1~1~605~-625~270~gge1685~0^^605~-625^^M 605 -625 v -10~#000000^^1~608~-640~270~1~start~~~#000000^^0~604~-635~270~1~end~~~#000000^^0~605~-632^^0~M 608 -635 L 605 -638 L 602 -635#@$P~show~1~2~615~-625~270~gge1692~0^^615~-625^^M 615 -625 v -10~#000000^^1~618~-640~270~2~start~~~#000000^^0~614~-635~270~2~end~~~#000000^^0~615~-632^^0~M 618 -635 L 615 -638 L 612 -635\",\"F~part_netLabel_VCC~605~-615~180~gge1729~~0^^605~-615^^VCC~#000000~593.2109375~-593.7734375~0~start~1~Times New Roman~9pt~gge1731^^PL~605 -605 605 -615~#000000~1~0~none~gge1733~0^^PL~610 -605 600 -605~#000000~1~0~transparent~gge1734~0\",\"W~605 -625 605 -615~#FF0000~1~0~none~gge1741~0\",\"W~615 -625 615 -610 655 -610~#FF0000~1~0~none~gge1744~0\",\"F~part_netLabel_VCC~405~-595~180~gge1747~~0^^405~-595^^VCC~#000000~393~-573.9921875~0~start~0~Times New Roman~9pt~gge1749^^PL~405 -585 405 -595~#000000~1~0~none~gge1751~0^^PL~410 -585 400 -585~#000000~1~0~transparent~gge1752~0\",\"F~part_netLabel_VCC~465~-595~180~gge1753~~0^^465~-595^^VCC~#000000~453~-573.9921875~0~start~0~Times New Roman~9pt~gge1755^^PL~465 -585 465 -595~#000000~1~0~none~gge1757~0^^PL~470 -585 460 -585~#000000~1~0~transparent~gge1758~0\",\"F~part_netLabel_gnD~475~-580~0~gge1765~~0^^475~-580^^GND~#000000~462.25~-553~0~start~0~Times New Roman~9pt~gge1767^^PL~475 -570 475 -580~#000000~1~0~transparent~gge1769~0^^PL~466 -570 484 -570~#000000~1~0~transparent~gge1770~0^^PL~469 -568 481 -568~#000000~1~0~transparent~gge1771~0^^PL~472 -566 478 -566~#000000~1~0~transparent~gge1772~0^^PL~474 -564 476 -564~#000000~1~0~transparent~gge1773~0\",\"W~475 -580 475 -610~#0000FF~1~0~none~gge1783~0\",\"W~465 -595 465 -610~#FF0000~1~0~none~gge1785~0\",\"W~405 -595 405 -610~#FF0000~1~0~none~gge1787~0\",\"LIB~520~-560~package`R1206`BOM_Supplier`LCSC`BOM_Supplier Part`C325903`BOM_Manufacturer`Tyohm`BOM_Manufacturer Part`RMC12064701%N`nameAlias`Resistance (Ohms)`Contributor`LCSC`spicePre`R`spiceSymbolName`RMC12064701%N`~90~0~gge1832~0610c91ea88544ecbdf889657d55abcb~87fcceed592142d5b53870108ed2ac2a~0~03aee9da6d70d7bf~yes~yes#@$T~N~526~-547.5~0~#000080~Arial~~~~~comment~470~1~start~gge1833~0~#@$T~P~526~-556.5~0~#000080~Arial~~~~~comment~R1~1~start~gge1835~0~#@$R~516~-570~~~8~20~#A00000~1~0~none~gge1837~0~#@$P~show~0~1~520~-540~270~gge1838~0^^520~-540^^M 520 -540 v -10~#880000^^0~523~-552~270~1~start~~~#0000FF^^0~519~-550~270~1~end~~~#0000FF^^0~520~-547^^0~M 523 -550 L 520 -553 L 517 -550#@$P~show~0~2~520~-580~90~gge1845~0^^520~-580^^M 520 -580 v 10~#880000^^0~523~-568~270~2~end~~~#0000FF^^0~519~-570~270~2~start~~~#0000FF^^0~520~-573^^0~M 517 -570 L 520 -567 L 523 -570\",\"W~530 -425 415 -425 415 -610~#6600FF~1~0~none~gge1877~0\",\"W~530 -435 445 -435 445 -610~#6600FF~1~0~none~gge1878~0\",\"W~530 -455 455 -455 455 -610~#6600FF~1~0~none~gge1879~0\",\"W~425 -610 425 -520 700 -520 700 -445 690 -445~#6600FF~1~0~none~gge1880~0\",\"W~690 -435 710 -435 710 -530 435 -530 435 -610~#6600FF~1~0~none~gge1881~0\",\"W~520 -580 520 -615~#FF00FF~1~0~none~gge1882~0\",\"W~520 -540 520 -465 530 -465~#FF00FF~1~0~none~gge1883~0\",\"F~part_netLabel_gnD~705~-425~90~gge1886~~0^^705~-425^^GND~#000000~692.25~-398~0~start~0~Times New Roman~9pt~gge1888^^PL~715 -425 705 -425~#000000~1~0~transparent~gge1890~0^^PL~715 -416 715 -434~#000000~1~0~transparent~gge1891~0^^PL~717 -419 717 -431~#000000~1~0~transparent~gge1892~0^^PL~719 -422 719 -428~#000000~1~0~transparent~gge1893~0^^PL~721 -424 721 -426~#000000~1~0~transparent~gge1894~0\",\"F~part_netLabel_VCC~690~-410~180~gge1904~~0^^690~-410^^VCC~#000000~683~-376.25~0~start~0~Times New Roman~9pt~gge1906^^PL~690 -400 690 -410~#000000~1~0~none~gge1908~0^^PL~695 -400 685 -400~#000000~1~0~transparent~gge1909~0\",\"W~690 -410 690 -415~#FF0000~1~0~none~gge1916~0\",\"W~705 -425 690 -425~#0000FF~1~0~none~gge1917~0\",\"O~690~-485~gge1918~M 686 -489 L 694 -481 M 694 -489 L 686 -481~#33cc33~0\",\"O~690~-475~gge1920~M 686 -479 L 694 -471 M 694 -479 L 686 -471~#33cc33~0\",\"O~530~-485~gge1922~M 526 -489 L 534 -481 M 534 -489 L 526 -481~#33cc33~0\",\"O~530~-415~gge1924~M 526 -419 L 534 -411 M 534 -419 L 526 -411~#33cc33~0\",\"O~625~-625~gge1928~M 621 -629 L 629 -621 M 629 -629 L 621 -621~#33cc33~0\",\"W~760 -425 760 -520 770 -520~#0000FF~1~0~none~gge1939~0\",\"W~770 -445 760 -445~#0000FF~1~0~none~gge1940~0\",\"F~part_netLabel_VCC~355~-510~180~gge1943~~0^^355~-510^^VCC~#000000~320.5~-506.25~0~start~0~Times New Roman~9pt~gge1945^^PL~355 -500 355 -510~#000000~1~0~none~gge1947~0^^PL~360 -500 350 -500~#000000~1~0~transparent~gge1948~0\",\"W~355 -510 355 -515~#FF0000~1~0~none~gge1955~0\",\"W~370 -445 530 -445~#FF9900~1~0~none~gge1964~0\",\"W~770 -455 690 -455~#FF9900~1~0~none~gge1968~0\",\"W~690 -465 720 -465 720 -530 770 -530~#FF9900~1~0~none~gge1971~0\",\"W~745 -435 745 -465 745 -540 770 -540~#FF0000~1~0~none~gge1972~0\",\"W~365 -515 365 -475 530 -475~#FF9900~1~0~none~gge1980~0\",\"W~530 -615 530 -610 535 -610~#0000FF~1~0~none~gge1981~0\",\"W~770 -465 745 -465~#FF0000~1~0~none~gge1983~0\",\"J~745~-465~2.5~#CC0000~gge1984~0\",\"J~760~-445~2.5~#CC0000~gge1941~0\",\"J~655~-610~2.5~#CC0000~gge1745~0\",\"J~675~-610~2.5~#CC0000~gge1934~0\"],\"BBox\":{\"x\":10,\"y\":-885.8,\"width\":1149,\"height\":806.8},\"colors\":{}}"
    }
  ]
}