<?xml version="1.0" encoding="UTF-8"?>
<spirit:component xmlns:xilinx="http://www.xilinx.com" xmlns:spirit="http://www.spiritconsortium.org/XMLSchema/SPIRIT/1685-2009" xmlns:xsi="http://www.w3.org/2001/XMLSchema-instance">
  <spirit:vendor>xilinx.com</spirit:vendor>
  <spirit:library>user</spirit:library>
  <spirit:name>ROTARY_ENCODER</spirit:name>
  <spirit:version>1.0</spirit:version>
  <spirit:busInterfaces>
    <spirit:busInterface>
      <spirit:name>S00_AXI</spirit:name>
      <spirit:busType spirit:vendor="xilinx.com" spirit:library="interface" spirit:name="aximm" spirit:version="1.0"/>
      <spirit:abstractionType spirit:vendor="xilinx.com" spirit:library="interface" spirit:name="aximm_rtl" spirit:version="1.0"/>
      <spirit:slave>
        <spirit:memoryMapRef spirit:memoryMapRef="S00_AXI"/>
      </spirit:slave>
      <spirit:portMaps>
        <spirit:portMap>
          <spirit:logicalPort>
            <spirit:name>AWADDR</spirit:name>
          </spirit:logicalPort>
          <spirit:physicalPort>
            <spirit:name>s00_axi_awaddr</spirit:name>
          </spirit:physicalPort>
        </spirit:portMap>
        <spirit:portMap>
          <spirit:logicalPort>
            <spirit:name>AWPROT</spirit:name>
          </spirit:logicalPort>
          <spirit:physicalPort>
            <spirit:name>s00_axi_awprot</spirit:name>
          </spirit:physicalPort>
        </spirit:portMap>
        <spirit:portMap>
          <spirit:logicalPort>
            <spirit:name>AWVALID</spirit:name>
          </spirit:logicalPort>
          <spirit:physicalPort>
            <spirit:name>s00_axi_awvalid</spirit:name>
          </spirit:physicalPort>
        </spirit:portMap>
        <spirit:portMap>
          <spirit:logicalPort>
            <spirit:name>AWREADY</spirit:name>
          </spirit:logicalPort>
          <spirit:physicalPort>
            <spirit:name>s00_axi_awready</spirit:name>
          </spirit:physicalPort>
        </spirit:portMap>
        <spirit:portMap>
          <spirit:logicalPort>
            <spirit:name>WDATA</spirit:name>
          </spirit:logicalPort>
          <spirit:physicalPort>
            <spirit:name>s00_axi_wdata</spirit:name>
          </spirit:physicalPort>
        </spirit:portMap>
        <spirit:portMap>
          <spirit:logicalPort>
            <spirit:name>WSTRB</spirit:name>
          </spirit:logicalPort>
          <spirit:physicalPort>
            <spirit:name>s00_axi_wstrb</spirit:name>
          </spirit:physicalPort>
        </spirit:portMap>
        <spirit:portMap>
          <spirit:logicalPort>
            <spirit:name>WVALID</spirit:name>
          </spirit:logicalPort>
          <spirit:physicalPort>
            <spirit:name>s00_axi_wvalid</spirit:name>
          </spirit:physicalPort>
        </spirit:portMap>
        <spirit:portMap>
          <spirit:logicalPort>
            <spirit:name>WREADY</spirit:name>
          </spirit:logicalPort>
          <spirit:physicalPort>
            <spirit:name>s00_axi_wready</spirit:name>
          </spirit:physicalPort>
        </spirit:portMap>
        <spirit:portMap>
          <spirit:logicalPort>
            <spirit:name>BRESP</spirit:name>
          </spirit:logicalPort>
          <spirit:physicalPort>
            <spirit:name>s00_axi_bresp</spirit:name>
          </spirit:physicalPort>
        </spirit:portMap>
        <spirit:portMap>
          <spirit:logicalPort>
            <spirit:name>BVALID</spirit:name>
          </spirit:logicalPort>
          <spirit:physicalPort>
            <spirit:name>s00_axi_bvalid</spirit:name>
          </spirit:physicalPort>
        </spirit:portMap>
        <spirit:portMap>
          <spirit:logicalPort>
            <spirit:name>BREADY</spirit:name>
          </spirit:logicalPort>
          <spirit:physicalPort>
            <spirit:name>s00_axi_bready</spirit:name>
          </spirit:physicalPort>
        </spirit:portMap>
        <spirit:portMap>
          <spirit:logicalPort>
            <spirit:name>ARADDR</spirit:name>
          </spirit:logicalPort>
          <spirit:physicalPort>
            <spirit:name>s00_axi_araddr</spirit:name>
          </spirit:physicalPort>
        </spirit:portMap>
        <spirit:portMap>
          <spirit:logicalPort>
            <spirit:name>ARPROT</spirit:name>
          </spirit:logicalPort>
          <spirit:physicalPort>
            <spirit:name>s00_axi_arprot</spirit:name>
          </spirit:physicalPort>
        </spirit:portMap>
        <spirit:portMap>
          <spirit:logicalPort>
            <spirit:name>ARVALID</spirit:name>
          </spirit:logicalPort>
          <spirit:physicalPort>
            <spirit:name>s00_axi_arvalid</spirit:name>
          </spirit:physicalPort>
        </spirit:portMap>
        <spirit:portMap>
          <spirit:logicalPort>
            <spirit:name>ARREADY</spirit:name>
          </spirit:logicalPort>
          <spirit:physicalPort>
            <spirit:name>s00_axi_arready</spirit:name>
          </spirit:physicalPort>
        </spirit:portMap>
        <spirit:portMap>
          <spirit:logicalPort>
            <spirit:name>RDATA</spirit:name>
          </spirit:logicalPort>
          <spirit:physicalPort>
            <spirit:name>s00_axi_rdata</spirit:name>
          </spirit:physicalPort>
        </spirit:portMap>
        <spirit:portMap>
          <spirit:logicalPort>
            <spirit:name>RRESP</spirit:name>
          </spirit:logicalPort>
          <spirit:physicalPort>
            <spirit:name>s00_axi_rresp</spirit:name>
          </spirit:physicalPort>
        </spirit:portMap>
        <spirit:portMap>
          <spirit:logicalPort>
            <spirit:name>RVALID</spirit:name>
          </spirit:logicalPort>
          <spirit:physicalPort>
            <spirit:name>s00_axi_rvalid</spirit:name>
          </spirit:physicalPort>
        </spirit:portMap>
        <spirit:portMap>
          <spirit:logicalPort>
            <spirit:name>RREADY</spirit:name>
          </spirit:logicalPort>
          <spirit:physicalPort>
            <spirit:name>s00_axi_rready</spirit:name>
          </spirit:physicalPort>
        </spirit:portMap>
      </spirit:portMaps>
      <spirit:parameters>
        <spirit:parameter>
          <spirit:name>WIZ_DATA_WIDTH</spirit:name>
          <spirit:value spirit:format="long" spirit:id="BUSIFPARAM_VALUE.S00_AXI.WIZ_DATA_WIDTH" spirit:choiceRef="choice_list_6fc15197">32</spirit:value>
        </spirit:parameter>
        <spirit:parameter>
          <spirit:name>WIZ_NUM_REG</spirit:name>
          <spirit:value spirit:format="long" spirit:id="BUSIFPARAM_VALUE.S00_AXI.WIZ_NUM_REG" spirit:minimum="4" spirit:maximum="512" spirit:rangeType="long">4</spirit:value>
        </spirit:parameter>
        <spirit:parameter>
          <spirit:name>SUPPORTS_NARROW_BURST</spirit:name>
          <spirit:value spirit:format="long" spirit:id="BUSIFPARAM_VALUE.S00_AXI.SUPPORTS_NARROW_BURST" spirit:choiceRef="choice_pairs_ce1226b1">0</spirit:value>
        </spirit:parameter>
      </spirit:parameters>
    </spirit:busInterface>
    <spirit:busInterface>
      <spirit:name>S00_AXI_RST</spirit:name>
      <spirit:busType spirit:vendor="xilinx.com" spirit:library="signal" spirit:name="reset" spirit:version="1.0"/>
      <spirit:abstractionType spirit:vendor="xilinx.com" spirit:library="signal" spirit:name="reset_rtl" spirit:version="1.0"/>
      <spirit:slave/>
      <spirit:portMaps>
        <spirit:portMap>
          <spirit:logicalPort>
            <spirit:name>RST</spirit:name>
          </spirit:logicalPort>
          <spirit:physicalPort>
            <spirit:name>s00_axi_aresetn</spirit:name>
          </spirit:physicalPort>
        </spirit:portMap>
      </spirit:portMaps>
      <spirit:parameters>
        <spirit:parameter>
          <spirit:name>POLARITY</spirit:name>
          <spirit:value spirit:id="BUSIFPARAM_VALUE.S00_AXI_RST.POLARITY" spirit:choiceRef="choice_list_9d8b0d81">ACTIVE_LOW</spirit:value>
        </spirit:parameter>
      </spirit:parameters>
    </spirit:busInterface>
    <spirit:busInterface>
      <spirit:name>S00_AXI_CLK</spirit:name>
      <spirit:busType spirit:vendor="xilinx.com" spirit:library="signal" spirit:name="clock" spirit:version="1.0"/>
      <spirit:abstractionType spirit:vendor="xilinx.com" spirit:library="signal" spirit:name="clock_rtl" spirit:version="1.0"/>
      <spirit:slave/>
      <spirit:portMaps>
        <spirit:portMap>
          <spirit:logicalPort>
            <spirit:name>CLK</spirit:name>
          </spirit:logicalPort>
          <spirit:physicalPort>
            <spirit:name>s00_axi_aclk</spirit:name>
          </spirit:physicalPort>
        </spirit:portMap>
      </spirit:portMaps>
      <spirit:parameters>
        <spirit:parameter>
          <spirit:name>ASSOCIATED_BUSIF</spirit:name>
          <spirit:value spirit:id="BUSIFPARAM_VALUE.S00_AXI_CLK.ASSOCIATED_BUSIF">S00_AXI</spirit:value>
        </spirit:parameter>
        <spirit:parameter>
          <spirit:name>ASSOCIATED_RESET</spirit:name>
          <spirit:value spirit:id="BUSIFPARAM_VALUE.S00_AXI_CLK.ASSOCIATED_RESET">s00_axi_aresetn</spirit:value>
        </spirit:parameter>
      </spirit:parameters>
    </spirit:busInterface>
  </spirit:busInterfaces>
  <spirit:memoryMaps>
    <spirit:memoryMap>
      <spirit:name>S00_AXI</spirit:name>
      <spirit:addressBlock>
        <spirit:name>S00_AXI_reg</spirit:name>
        <spirit:baseAddress spirit:format="long" spirit:resolve="user">0</spirit:baseAddress>
        <spirit:range spirit:format="long">4096</spirit:range>
        <spirit:width spirit:format="long">32</spirit:width>
        <spirit:usage>register</spirit:usage>
        <spirit:parameters>
          <spirit:parameter>
            <spirit:name>OFFSET_BASE_PARAM</spirit:name>
            <spirit:value spirit:id="ADDRBLOCKPARAM_VALUE.S00_AXI.S00_AXI_REG.OFFSET_BASE_PARAM">C_S00_AXI_BASEADDR</spirit:value>
          </spirit:parameter>
          <spirit:parameter>
            <spirit:name>OFFSET_HIGH_PARAM</spirit:name>
            <spirit:value spirit:id="ADDRBLOCKPARAM_VALUE.S00_AXI.S00_AXI_REG.OFFSET_HIGH_PARAM">C_S00_AXI_HIGHADDR</spirit:value>
          </spirit:parameter>
        </spirit:parameters>
      </spirit:addressBlock>
    </spirit:memoryMap>
  </spirit:memoryMaps>
  <spirit:model>
    <spirit:views>
      <spirit:view>
        <spirit:name>xilinx_vhdlsynthesis</spirit:name>
        <spirit:displayName>VHDL Synthesis</spirit:displayName>
        <spirit:envIdentifier>vhdlSource:vivado.xilinx.com:synthesis</spirit:envIdentifier>
        <spirit:language>vhdl</spirit:language>
        <spirit:modelName>ROTARY_ENCODER_v1_0</spirit:modelName>
        <spirit:fileSetRef>
          <spirit:localName>xilinx_vhdlsynthesis_view_fileset</spirit:localName>
        </spirit:fileSetRef>
        <spirit:parameters>
          <spirit:parameter>
            <spirit:name>viewChecksum</spirit:name>
            <spirit:value>3912f7d9</spirit:value>
          </spirit:parameter>
        </spirit:parameters>
      </spirit:view>
      <spirit:view>
        <spirit:name>xilinx_vhdlbehavioralsimulation</spirit:name>
        <spirit:displayName>VHDL Simulation</spirit:displayName>
        <spirit:envIdentifier>vhdlSource:vivado.xilinx.com:simulation</spirit:envIdentifier>
        <spirit:language>vhdl</spirit:language>
        <spirit:modelName>ROTARY_ENCODER_v1_0</spirit:modelName>
        <spirit:fileSetRef>
          <spirit:localName>xilinx_vhdlbehavioralsimulation_view_fileset</spirit:localName>
        </spirit:fileSetRef>
        <spirit:parameters>
          <spirit:parameter>
            <spirit:name>viewChecksum</spirit:name>
            <spirit:value>3912f7d9</spirit:value>
          </spirit:parameter>
        </spirit:parameters>
      </spirit:view>
      <spirit:view>
        <spirit:name>xilinx_softwaredriver</spirit:name>
        <spirit:displayName>Software Driver</spirit:displayName>
        <spirit:envIdentifier>:vivado.xilinx.com:sw.driver</spirit:envIdentifier>
        <spirit:fileSetRef>
          <spirit:localName>xilinx_softwaredriver_view_fileset</spirit:localName>
        </spirit:fileSetRef>
        <spirit:parameters>
          <spirit:parameter>
            <spirit:name>viewChecksum</spirit:name>
            <spirit:value>387f9527</spirit:value>
          </spirit:parameter>
        </spirit:parameters>
      </spirit:view>
      <spirit:view>
        <spirit:name>xilinx_xpgui</spirit:name>
        <spirit:displayName>UI Layout</spirit:displayName>
        <spirit:envIdentifier>:vivado.xilinx.com:xgui.ui</spirit:envIdentifier>
        <spirit:fileSetRef>
          <spirit:localName>xilinx_xpgui_view_fileset</spirit:localName>
        </spirit:fileSetRef>
        <spirit:parameters>
          <spirit:parameter>
            <spirit:name>viewChecksum</spirit:name>
            <spirit:value>0e5443b4</spirit:value>
          </spirit:parameter>
        </spirit:parameters>
      </spirit:view>
      <spirit:view>
        <spirit:name>bd_tcl</spirit:name>
        <spirit:displayName>Block Diagram</spirit:displayName>
        <spirit:envIdentifier>:vivado.xilinx.com:block.diagram</spirit:envIdentifier>
        <spirit:fileSetRef>
          <spirit:localName>bd_tcl_view_fileset</spirit:localName>
        </spirit:fileSetRef>
        <spirit:parameters>
          <spirit:parameter>
            <spirit:name>viewChecksum</spirit:name>
            <spirit:value>16328387</spirit:value>
          </spirit:parameter>
        </spirit:parameters>
      </spirit:view>
    </spirit:views>
    <spirit:ports>
      <spirit:port>
        <spirit:name>RT1</spirit:name>
        <spirit:wire>
          <spirit:direction>in</spirit:direction>
          <spirit:wireTypeDefs>
            <spirit:wireTypeDef>
              <spirit:typeName>std_logic</spirit:typeName>
              <spirit:viewNameRef>xilinx_vhdlsynthesis</spirit:viewNameRef>
              <spirit:viewNameRef>xilinx_vhdlbehavioralsimulation</spirit:viewNameRef>
            </spirit:wireTypeDef>
          </spirit:wireTypeDefs>
        </spirit:wire>
      </spirit:port>
      <spirit:port>
        <spirit:name>RT2</spirit:name>
        <spirit:wire>
          <spirit:direction>in</spirit:direction>
          <spirit:wireTypeDefs>
            <spirit:wireTypeDef>
              <spirit:typeName>std_logic</spirit:typeName>
              <spirit:viewNameRef>xilinx_vhdlsynthesis</spirit:viewNameRef>
              <spirit:viewNameRef>xilinx_vhdlbehavioralsimulation</spirit:viewNameRef>
            </spirit:wireTypeDef>
          </spirit:wireTypeDefs>
        </spirit:wire>
      </spirit:port>
      <spirit:port>
        <spirit:name>ROT_VAL</spirit:name>
        <spirit:wire>
          <spirit:direction>out</spirit:direction>
          <spirit:vector>
            <spirit:left spirit:format="long">1</spirit:left>
            <spirit:right spirit:format="long">0</spirit:right>
          </spirit:vector>
          <spirit:wireTypeDefs>
            <spirit:wireTypeDef>
              <spirit:typeName>std_logic_vector</spirit:typeName>
              <spirit:viewNameRef>xilinx_vhdlsynthesis</spirit:viewNameRef>
              <spirit:viewNameRef>xilinx_vhdlbehavioralsimulation</spirit:viewNameRef>
            </spirit:wireTypeDef>
          </spirit:wireTypeDefs>
        </spirit:wire>
      </spirit:port>
      <spirit:port>
        <spirit:name>s00_axi_aclk</spirit:name>
        <spirit:wire>
          <spirit:direction>in</spirit:direction>
          <spirit:wireTypeDefs>
            <spirit:wireTypeDef>
              <spirit:typeName>std_logic</spirit:typeName>
              <spirit:viewNameRef>xilinx_vhdlsynthesis</spirit:viewNameRef>
              <spirit:viewNameRef>xilinx_vhdlbehavioralsimulation</spirit:viewNameRef>
            </spirit:wireTypeDef>
          </spirit:wireTypeDefs>
        </spirit:wire>
      </spirit:port>
      <spirit:port>
        <spirit:name>s00_axi_aresetn</spirit:name>
        <spirit:wire>
          <spirit:direction>in</spirit:direction>
          <spirit:wireTypeDefs>
            <spirit:wireTypeDef>
              <spirit:typeName>std_logic</spirit:typeName>
              <spirit:viewNameRef>xilinx_vhdlsynthesis</spirit:viewNameRef>
              <spirit:viewNameRef>xilinx_vhdlbehavioralsimulation</spirit:viewNameRef>
            </spirit:wireTypeDef>
          </spirit:wireTypeDefs>
        </spirit:wire>
      </spirit:port>
      <spirit:port>
        <spirit:name>s00_axi_awaddr</spirit:name>
        <spirit:wire>
          <spirit:direction>in</spirit:direction>
          <spirit:vector>
            <spirit:left spirit:format="long" spirit:resolve="dependent" spirit:dependency="(spirit:decode(id(&apos;MODELPARAM_VALUE.C_S00_AXI_ADDR_WIDTH&apos;)) - 1)">3</spirit:left>
            <spirit:right spirit:format="long">0</spirit:right>
          </spirit:vector>
          <spirit:wireTypeDefs>
            <spirit:wireTypeDef>
              <spirit:typeName>std_logic_vector</spirit:typeName>
              <spirit:viewNameRef>xilinx_vhdlsynthesis</spirit:viewNameRef>
              <spirit:viewNameRef>xilinx_vhdlbehavioralsimulation</spirit:viewNameRef>
            </spirit:wireTypeDef>
          </spirit:wireTypeDefs>
        </spirit:wire>
      </spirit:port>
      <spirit:port>
        <spirit:name>s00_axi_awprot</spirit:name>
        <spirit:wire>
          <spirit:direction>in</spirit:direction>
          <spirit:vector>
            <spirit:left spirit:format="long">2</spirit:left>
            <spirit:right spirit:format="long">0</spirit:right>
          </spirit:vector>
          <spirit:wireTypeDefs>
            <spirit:wireTypeDef>
              <spirit:typeName>std_logic_vector</spirit:typeName>
              <spirit:viewNameRef>xilinx_vhdlsynthesis</spirit:viewNameRef>
              <spirit:viewNameRef>xilinx_vhdlbehavioralsimulation</spirit:viewNameRef>
            </spirit:wireTypeDef>
          </spirit:wireTypeDefs>
        </spirit:wire>
      </spirit:port>
      <spirit:port>
        <spirit:name>s00_axi_awvalid</spirit:name>
        <spirit:wire>
          <spirit:direction>in</spirit:direction>
          <spirit:wireTypeDefs>
            <spirit:wireTypeDef>
              <spirit:typeName>std_logic</spirit:typeName>
              <spirit:viewNameRef>xilinx_vhdlsynthesis</spirit:viewNameRef>
              <spirit:viewNameRef>xilinx_vhdlbehavioralsimulation</spirit:viewNameRef>
            </spirit:wireTypeDef>
          </spirit:wireTypeDefs>
        </spirit:wire>
      </spirit:port>
      <spirit:port>
        <spirit:name>s00_axi_awready</spirit:name>
        <spirit:wire>
          <spirit:direction>out</spirit:direction>
          <spirit:wireTypeDefs>
            <spirit:wireTypeDef>
              <spirit:typeName>std_logic</spirit:typeName>
              <spirit:viewNameRef>xilinx_vhdlsynthesis</spirit:viewNameRef>
              <spirit:viewNameRef>xilinx_vhdlbehavioralsimulation</spirit:viewNameRef>
            </spirit:wireTypeDef>
          </spirit:wireTypeDefs>
        </spirit:wire>
      </spirit:port>
      <spirit:port>
        <spirit:name>s00_axi_wdata</spirit:name>
        <spirit:wire>
          <spirit:direction>in</spirit:direction>
          <spirit:vector>
            <spirit:left spirit:format="long" spirit:resolve="dependent" spirit:dependency="(spirit:decode(id(&apos;MODELPARAM_VALUE.C_S00_AXI_DATA_WIDTH&apos;)) - 1)">31</spirit:left>
            <spirit:right spirit:format="long">0</spirit:right>
          </spirit:vector>
          <spirit:wireTypeDefs>
            <spirit:wireTypeDef>
              <spirit:typeName>std_logic_vector</spirit:typeName>
              <spirit:viewNameRef>xilinx_vhdlsynthesis</spirit:viewNameRef>
              <spirit:viewNameRef>xilinx_vhdlbehavioralsimulation</spirit:viewNameRef>
            </spirit:wireTypeDef>
          </spirit:wireTypeDefs>
        </spirit:wire>
      </spirit:port>
      <spirit:port>
        <spirit:name>s00_axi_wstrb</spirit:name>
        <spirit:wire>
          <spirit:direction>in</spirit:direction>
          <spirit:vector>
            <spirit:left spirit:format="long" spirit:resolve="dependent" spirit:dependency="((spirit:decode(id(&apos;MODELPARAM_VALUE.C_S00_AXI_DATA_WIDTH&apos;)) / 8) - 1)">3</spirit:left>
            <spirit:right spirit:format="long">0</spirit:right>
          </spirit:vector>
          <spirit:wireTypeDefs>
            <spirit:wireTypeDef>
              <spirit:typeName>std_logic_vector</spirit:typeName>
              <spirit:viewNameRef>xilinx_vhdlsynthesis</spirit:viewNameRef>
              <spirit:viewNameRef>xilinx_vhdlbehavioralsimulation</spirit:viewNameRef>
            </spirit:wireTypeDef>
          </spirit:wireTypeDefs>
        </spirit:wire>
      </spirit:port>
      <spirit:port>
        <spirit:name>s00_axi_wvalid</spirit:name>
        <spirit:wire>
          <spirit:direction>in</spirit:direction>
          <spirit:wireTypeDefs>
            <spirit:wireTypeDef>
              <spirit:typeName>std_logic</spirit:typeName>
              <spirit:viewNameRef>xilinx_vhdlsynthesis</spirit:viewNameRef>
              <spirit:viewNameRef>xilinx_vhdlbehavioralsimulation</spirit:viewNameRef>
            </spirit:wireTypeDef>
          </spirit:wireTypeDefs>
        </spirit:wire>
      </spirit:port>
      <spirit:port>
        <spirit:name>s00_axi_wready</spirit:name>
        <spirit:wire>
          <spirit:direction>out</spirit:direction>
          <spirit:wireTypeDefs>
            <spirit:wireTypeDef>
              <spirit:typeName>std_logic</spirit:typeName>
              <spirit:viewNameRef>xilinx_vhdlsynthesis</spirit:viewNameRef>
              <spirit:viewNameRef>xilinx_vhdlbehavioralsimulation</spirit:viewNameRef>
            </spirit:wireTypeDef>
          </spirit:wireTypeDefs>
        </spirit:wire>
      </spirit:port>
      <spirit:port>
        <spirit:name>s00_axi_bresp</spirit:name>
        <spirit:wire>
          <spirit:direction>out</spirit:direction>
          <spirit:vector>
            <spirit:left spirit:format="long">1</spirit:left>
            <spirit:right spirit:format="long">0</spirit:right>
          </spirit:vector>
          <spirit:wireTypeDefs>
            <spirit:wireTypeDef>
              <spirit:typeName>std_logic_vector</spirit:typeName>
              <spirit:viewNameRef>xilinx_vhdlsynthesis</spirit:viewNameRef>
              <spirit:viewNameRef>xilinx_vhdlbehavioralsimulation</spirit:viewNameRef>
            </spirit:wireTypeDef>
          </spirit:wireTypeDefs>
        </spirit:wire>
      </spirit:port>
      <spirit:port>
        <spirit:name>s00_axi_bvalid</spirit:name>
        <spirit:wire>
          <spirit:direction>out</spirit:direction>
          <spirit:wireTypeDefs>
            <spirit:wireTypeDef>
              <spirit:typeName>std_logic</spirit:typeName>
              <spirit:viewNameRef>xilinx_vhdlsynthesis</spirit:viewNameRef>
              <spirit:viewNameRef>xilinx_vhdlbehavioralsimulation</spirit:viewNameRef>
            </spirit:wireTypeDef>
          </spirit:wireTypeDefs>
        </spirit:wire>
      </spirit:port>
      <spirit:port>
        <spirit:name>s00_axi_bready</spirit:name>
        <spirit:wire>
          <spirit:direction>in</spirit:direction>
          <spirit:wireTypeDefs>
            <spirit:wireTypeDef>
              <spirit:typeName>std_logic</spirit:typeName>
              <spirit:viewNameRef>xilinx_vhdlsynthesis</spirit:viewNameRef>
              <spirit:viewNameRef>xilinx_vhdlbehavioralsimulation</spirit:viewNameRef>
            </spirit:wireTypeDef>
          </spirit:wireTypeDefs>
        </spirit:wire>
      </spirit:port>
      <spirit:port>
        <spirit:name>s00_axi_araddr</spirit:name>
        <spirit:wire>
          <spirit:direction>in</spirit:direction>
          <spirit:vector>
            <spirit:left spirit:format="long" spirit:resolve="dependent" spirit:dependency="(spirit:decode(id(&apos;MODELPARAM_VALUE.C_S00_AXI_ADDR_WIDTH&apos;)) - 1)">3</spirit:left>
            <spirit:right spirit:format="long">0</spirit:right>
          </spirit:vector>
          <spirit:wireTypeDefs>
            <spirit:wireTypeDef>
              <spirit:typeName>std_logic_vector</spirit:typeName>
              <spirit:viewNameRef>xilinx_vhdlsynthesis</spirit:viewNameRef>
              <spirit:viewNameRef>xilinx_vhdlbehavioralsimulation</spirit:viewNameRef>
            </spirit:wireTypeDef>
          </spirit:wireTypeDefs>
        </spirit:wire>
      </spirit:port>
      <spirit:port>
        <spirit:name>s00_axi_arprot</spirit:name>
        <spirit:wire>
          <spirit:direction>in</spirit:direction>
          <spirit:vector>
            <spirit:left spirit:format="long">2</spirit:left>
            <spirit:right spirit:format="long">0</spirit:right>
          </spirit:vector>
          <spirit:wireTypeDefs>
            <spirit:wireTypeDef>
              <spirit:typeName>std_logic_vector</spirit:typeName>
              <spirit:viewNameRef>xilinx_vhdlsynthesis</spirit:viewNameRef>
              <spirit:viewNameRef>xilinx_vhdlbehavioralsimulation</spirit:viewNameRef>
            </spirit:wireTypeDef>
          </spirit:wireTypeDefs>
        </spirit:wire>
      </spirit:port>
      <spirit:port>
        <spirit:name>s00_axi_arvalid</spirit:name>
        <spirit:wire>
          <spirit:direction>in</spirit:direction>
          <spirit:wireTypeDefs>
            <spirit:wireTypeDef>
              <spirit:typeName>std_logic</spirit:typeName>
              <spirit:viewNameRef>xilinx_vhdlsynthesis</spirit:viewNameRef>
              <spirit:viewNameRef>xilinx_vhdlbehavioralsimulation</spirit:viewNameRef>
            </spirit:wireTypeDef>
          </spirit:wireTypeDefs>
        </spirit:wire>
      </spirit:port>
      <spirit:port>
        <spirit:name>s00_axi_arready</spirit:name>
        <spirit:wire>
          <spirit:direction>out</spirit:direction>
          <spirit:wireTypeDefs>
            <spirit:wireTypeDef>
              <spirit:typeName>std_logic</spirit:typeName>
              <spirit:viewNameRef>xilinx_vhdlsynthesis</spirit:viewNameRef>
              <spirit:viewNameRef>xilinx_vhdlbehavioralsimulation</spirit:viewNameRef>
            </spirit:wireTypeDef>
          </spirit:wireTypeDefs>
        </spirit:wire>
      </spirit:port>
      <spirit:port>
        <spirit:name>s00_axi_rdata</spirit:name>
        <spirit:wire>
          <spirit:direction>out</spirit:direction>
          <spirit:vector>
            <spirit:left spirit:format="long" spirit:resolve="dependent" spirit:dependency="(spirit:decode(id(&apos;MODELPARAM_VALUE.C_S00_AXI_DATA_WIDTH&apos;)) - 1)">31</spirit:left>
            <spirit:right spirit:format="long">0</spirit:right>
          </spirit:vector>
          <spirit:wireTypeDefs>
            <spirit:wireTypeDef>
              <spirit:typeName>std_logic_vector</spirit:typeName>
              <spirit:viewNameRef>xilinx_vhdlsynthesis</spirit:viewNameRef>
              <spirit:viewNameRef>xilinx_vhdlbehavioralsimulation</spirit:viewNameRef>
            </spirit:wireTypeDef>
          </spirit:wireTypeDefs>
        </spirit:wire>
      </spirit:port>
      <spirit:port>
        <spirit:name>s00_axi_rresp</spirit:name>
        <spirit:wire>
          <spirit:direction>out</spirit:direction>
          <spirit:vector>
            <spirit:left spirit:format="long">1</spirit:left>
            <spirit:right spirit:format="long">0</spirit:right>
          </spirit:vector>
          <spirit:wireTypeDefs>
            <spirit:wireTypeDef>
              <spirit:typeName>std_logic_vector</spirit:typeName>
              <spirit:viewNameRef>xilinx_vhdlsynthesis</spirit:viewNameRef>
              <spirit:viewNameRef>xilinx_vhdlbehavioralsimulation</spirit:viewNameRef>
            </spirit:wireTypeDef>
          </spirit:wireTypeDefs>
        </spirit:wire>
      </spirit:port>
      <spirit:port>
        <spirit:name>s00_axi_rvalid</spirit:name>
        <spirit:wire>
          <spirit:direction>out</spirit:direction>
          <spirit:wireTypeDefs>
            <spirit:wireTypeDef>
              <spirit:typeName>std_logic</spirit:typeName>
              <spirit:viewNameRef>xilinx_vhdlsynthesis</spirit:viewNameRef>
              <spirit:viewNameRef>xilinx_vhdlbehavioralsimulation</spirit:viewNameRef>
            </spirit:wireTypeDef>
          </spirit:wireTypeDefs>
        </spirit:wire>
      </spirit:port>
      <spirit:port>
        <spirit:name>s00_axi_rready</spirit:name>
        <spirit:wire>
          <spirit:direction>in</spirit:direction>
          <spirit:wireTypeDefs>
            <spirit:wireTypeDef>
              <spirit:typeName>std_logic</spirit:typeName>
              <spirit:viewNameRef>xilinx_vhdlsynthesis</spirit:viewNameRef>
              <spirit:viewNameRef>xilinx_vhdlbehavioralsimulation</spirit:viewNameRef>
            </spirit:wireTypeDef>
          </spirit:wireTypeDefs>
        </spirit:wire>
      </spirit:port>
    </spirit:ports>
    <spirit:modelParameters>
      <spirit:modelParameter xsi:type="spirit:nameValueTypeType" spirit:dataType="integer">
        <spirit:name>C_S00_AXI_DATA_WIDTH</spirit:name>
        <spirit:displayName>C S00 AXI DATA WIDTH</spirit:displayName>
        <spirit:description>Width of S_AXI data bus</spirit:description>
        <spirit:value spirit:format="long" spirit:resolve="generated" spirit:id="MODELPARAM_VALUE.C_S00_AXI_DATA_WIDTH" spirit:order="3" spirit:rangeType="long">32</spirit:value>
      </spirit:modelParameter>
      <spirit:modelParameter spirit:dataType="integer">
        <spirit:name>C_S00_AXI_ADDR_WIDTH</spirit:name>
        <spirit:displayName>C S00 AXI ADDR WIDTH</spirit:displayName>
        <spirit:description>Width of S_AXI address bus</spirit:description>
        <spirit:value spirit:format="long" spirit:resolve="generated" spirit:id="MODELPARAM_VALUE.C_S00_AXI_ADDR_WIDTH" spirit:order="4" spirit:rangeType="long">4</spirit:value>
      </spirit:modelParameter>
    </spirit:modelParameters>
  </spirit:model>
  <spirit:choices>
    <spirit:choice>
      <spirit:name>choice_list_6fc15197</spirit:name>
      <spirit:enumeration>32</spirit:enumeration>
    </spirit:choice>
    <spirit:choice>
      <spirit:name>choice_list_9d8b0d81</spirit:name>
      <spirit:enumeration>ACTIVE_HIGH</spirit:enumeration>
      <spirit:enumeration>ACTIVE_LOW</spirit:enumeration>
    </spirit:choice>
    <spirit:choice>
      <spirit:name>choice_pairs_ce1226b1</spirit:name>
      <spirit:enumeration spirit:text="true">1</spirit:enumeration>
      <spirit:enumeration spirit:text="false">0</spirit:enumeration>
    </spirit:choice>
  </spirit:choices>
  <spirit:fileSets>
    <spirit:fileSet>
      <spirit:name>xilinx_vhdlsynthesis_view_fileset</spirit:name>
      <spirit:file>
        <spirit:name>src/ROTARY_ENCODER.vhd</spirit:name>
        <spirit:fileType>vhdlSource</spirit:fileType>
      </spirit:file>
      <spirit:file>
        <spirit:name>hdl/ROTARY_ENCODER_v1_0_S00_AXI.vhd</spirit:name>
        <spirit:fileType>vhdlSource</spirit:fileType>
      </spirit:file>
      <spirit:file>
        <spirit:name>hdl/ROTARY_ENCODER_v1_0.vhd</spirit:name>
        <spirit:fileType>vhdlSource</spirit:fileType>
        <spirit:userFileType>CHECKSUM_70cb1bb5</spirit:userFileType>
      </spirit:file>
    </spirit:fileSet>
    <spirit:fileSet>
      <spirit:name>xilinx_vhdlbehavioralsimulation_view_fileset</spirit:name>
      <spirit:file>
        <spirit:name>src/ROTARY_ENCODER.vhd</spirit:name>
        <spirit:fileType>vhdlSource</spirit:fileType>
      </spirit:file>
      <spirit:file>
        <spirit:name>hdl/ROTARY_ENCODER_v1_0_S00_AXI.vhd</spirit:name>
        <spirit:fileType>vhdlSource</spirit:fileType>
      </spirit:file>
      <spirit:file>
        <spirit:name>hdl/ROTARY_ENCODER_v1_0.vhd</spirit:name>
        <spirit:fileType>vhdlSource</spirit:fileType>
      </spirit:file>
    </spirit:fileSet>
    <spirit:fileSet>
      <spirit:name>xilinx_softwaredriver_view_fileset</spirit:name>
      <spirit:file>
        <spirit:name>drivers/ROTARY_ENCODER_v1_0/data/ROTARY_ENCODER.mdd</spirit:name>
        <spirit:userFileType>mdd</spirit:userFileType>
        <spirit:userFileType>driver_mdd</spirit:userFileType>
      </spirit:file>
      <spirit:file>
        <spirit:name>drivers/ROTARY_ENCODER_v1_0/data/ROTARY_ENCODER.tcl</spirit:name>
        <spirit:fileType>tclSource</spirit:fileType>
        <spirit:userFileType>driver_tcl</spirit:userFileType>
      </spirit:file>
      <spirit:file>
        <spirit:name>drivers/ROTARY_ENCODER_v1_0/src/Makefile</spirit:name>
        <spirit:userFileType>driver_src</spirit:userFileType>
      </spirit:file>
      <spirit:file>
        <spirit:name>drivers/ROTARY_ENCODER_v1_0/src/ROTARY_ENCODER.h</spirit:name>
        <spirit:fileType>cSource</spirit:fileType>
        <spirit:userFileType>driver_src</spirit:userFileType>
      </spirit:file>
      <spirit:file>
        <spirit:name>drivers/ROTARY_ENCODER_v1_0/src/ROTARY_ENCODER.c</spirit:name>
        <spirit:fileType>cSource</spirit:fileType>
        <spirit:userFileType>driver_src</spirit:userFileType>
      </spirit:file>
      <spirit:file>
        <spirit:name>drivers/ROTARY_ENCODER_v1_0/src/ROTARY_ENCODER_selftest.c</spirit:name>
        <spirit:fileType>cSource</spirit:fileType>
        <spirit:userFileType>driver_src</spirit:userFileType>
      </spirit:file>
    </spirit:fileSet>
    <spirit:fileSet>
      <spirit:name>xilinx_xpgui_view_fileset</spirit:name>
      <spirit:file>
        <spirit:name>xgui/ROTARY_ENCODER_v1_0.tcl</spirit:name>
        <spirit:fileType>tclSource</spirit:fileType>
        <spirit:userFileType>CHECKSUM_0e5443b4</spirit:userFileType>
        <spirit:userFileType>XGUI_VERSION_2</spirit:userFileType>
      </spirit:file>
    </spirit:fileSet>
    <spirit:fileSet>
      <spirit:name>bd_tcl_view_fileset</spirit:name>
      <spirit:file>
        <spirit:name>bd/bd.tcl</spirit:name>
        <spirit:fileType>tclSource</spirit:fileType>
      </spirit:file>
    </spirit:fileSet>
  </spirit:fileSets>
  <spirit:description>My new AXI IP</spirit:description>
  <spirit:parameters>
    <spirit:parameter>
      <spirit:name>C_S00_AXI_DATA_WIDTH</spirit:name>
      <spirit:displayName>C S00 AXI DATA WIDTH</spirit:displayName>
      <spirit:description>Width of S_AXI data bus</spirit:description>
      <spirit:value spirit:format="long" spirit:resolve="user" spirit:id="PARAM_VALUE.C_S00_AXI_DATA_WIDTH" spirit:choiceRef="choice_list_6fc15197" spirit:order="3">32</spirit:value>
      <spirit:vendorExtensions>
        <xilinx:parameterInfo>
          <xilinx:enablement>
            <xilinx:isEnabled xilinx:id="PARAM_ENABLEMENT.C_S00_AXI_DATA_WIDTH">false</xilinx:isEnabled>
          </xilinx:enablement>
        </xilinx:parameterInfo>
      </spirit:vendorExtensions>
    </spirit:parameter>
    <spirit:parameter>
      <spirit:name>C_S00_AXI_ADDR_WIDTH</spirit:name>
      <spirit:displayName>C S00 AXI ADDR WIDTH</spirit:displayName>
      <spirit:description>Width of S_AXI address bus</spirit:description>
      <spirit:value spirit:format="long" spirit:resolve="user" spirit:id="PARAM_VALUE.C_S00_AXI_ADDR_WIDTH" spirit:order="4" spirit:rangeType="long">4</spirit:value>
      <spirit:vendorExtensions>
        <xilinx:parameterInfo>
          <xilinx:enablement>
            <xilinx:isEnabled xilinx:id="PARAM_ENABLEMENT.C_S00_AXI_ADDR_WIDTH">false</xilinx:isEnabled>
          </xilinx:enablement>
        </xilinx:parameterInfo>
      </spirit:vendorExtensions>
    </spirit:parameter>
    <spirit:parameter>
      <spirit:name>C_S00_AXI_BASEADDR</spirit:name>
      <spirit:displayName>C S00 AXI BASEADDR</spirit:displayName>
      <spirit:value spirit:format="bitString" spirit:resolve="user" spirit:id="PARAM_VALUE.C_S00_AXI_BASEADDR" spirit:order="5" spirit:bitStringLength="32">0xFFFFFFFF</spirit:value>
      <spirit:vendorExtensions>
        <xilinx:parameterInfo>
          <xilinx:enablement>
            <xilinx:isEnabled xilinx:id="PARAM_ENABLEMENT.C_S00_AXI_BASEADDR">false</xilinx:isEnabled>
          </xilinx:enablement>
        </xilinx:parameterInfo>
      </spirit:vendorExtensions>
    </spirit:parameter>
    <spirit:parameter>
      <spirit:name>C_S00_AXI_HIGHADDR</spirit:name>
      <spirit:displayName>C S00 AXI HIGHADDR</spirit:displayName>
      <spirit:value spirit:format="bitString" spirit:resolve="user" spirit:id="PARAM_VALUE.C_S00_AXI_HIGHADDR" spirit:order="6" spirit:bitStringLength="32">0x00000000</spirit:value>
      <spirit:vendorExtensions>
        <xilinx:parameterInfo>
          <xilinx:enablement>
            <xilinx:isEnabled xilinx:id="PARAM_ENABLEMENT.C_S00_AXI_HIGHADDR">false</xilinx:isEnabled>
          </xilinx:enablement>
        </xilinx:parameterInfo>
      </spirit:vendorExtensions>
    </spirit:parameter>
    <spirit:parameter>
      <spirit:name>Component_Name</spirit:name>
      <spirit:value spirit:resolve="user" spirit:id="PARAM_VALUE.Component_Name" spirit:order="1">ROTARY_ENCODER_v1_0</spirit:value>
    </spirit:parameter>
  </spirit:parameters>
  <spirit:vendorExtensions>
    <xilinx:coreExtensions>
      <xilinx:supportedFamilies>
        <xilinx:family xilinx:lifeCycle="Pre-Production">zynq</xilinx:family>
      </xilinx:supportedFamilies>
      <xilinx:taxonomies>
        <xilinx:taxonomy>AXI_Peripheral</xilinx:taxonomy>
      </xilinx:taxonomies>
      <xilinx:displayName>ROTARY_ENCODER_v1.0</xilinx:displayName>
      <xilinx:coreRevision>6</xilinx:coreRevision>
      <xilinx:coreCreationDateTime>2020-06-03T10:00:54Z</xilinx:coreCreationDateTime>
      <xilinx:tags>
        <xilinx:tag xilinx:name="ui.data.coregen.dd@6c02b0a3_ARCHIVE_LOCATION">c:/eFPGA/ip_repo/ROTARY_ENCODER_1.0</xilinx:tag>
        <xilinx:tag xilinx:name="ui.data.coregen.dd@7262ba02_ARCHIVE_LOCATION">c:/eFPGA/ip_repo/ROTARY_ENCODER_1.0</xilinx:tag>
        <xilinx:tag xilinx:name="ui.data.coregen.dd@12e4dd39_ARCHIVE_LOCATION">c:/eFPGA/ip_repo/ROTARY_ENCODER_1.0</xilinx:tag>
        <xilinx:tag xilinx:name="ui.data.coregen.dd@2fe98e3e_ARCHIVE_LOCATION">c:/eFPGA/ip_repo/ROTARY_ENCODER_1.0</xilinx:tag>
        <xilinx:tag xilinx:name="ui.data.coregen.dd@dbd30ae_ARCHIVE_LOCATION">c:/eFPGA/ip_repo/ROTARY_ENCODER_1.0</xilinx:tag>
        <xilinx:tag xilinx:name="ui.data.coregen.dd@eaab5a0_ARCHIVE_LOCATION">c:/eFPGA/ip_repo/ROTARY_ENCODER_1.0</xilinx:tag>
        <xilinx:tag xilinx:name="ui.data.coregen.dd@140447bc_ARCHIVE_LOCATION">c:/eFPGA/ip_repo/ROTARY_ENCODER_1.0</xilinx:tag>
        <xilinx:tag xilinx:name="ui.data.coregen.dd@1feee4ca_ARCHIVE_LOCATION">c:/eFPGA/ip_repo/ROTARY_ENCODER_1.0</xilinx:tag>
        <xilinx:tag xilinx:name="ui.data.coregen.dd@26e86236_ARCHIVE_LOCATION">c:/eFPGA/ip_repo/ROTARY_ENCODER_1.0</xilinx:tag>
        <xilinx:tag xilinx:name="ui.data.coregen.dd@49b0a0d4_ARCHIVE_LOCATION">c:/eFPGA/ip_repo/ROTARY_ENCODER_1.0</xilinx:tag>
        <xilinx:tag xilinx:name="ui.data.coregen.dd@62e151b2_ARCHIVE_LOCATION">c:/eFPGA/ip_repo/ROTARY_ENCODER_1.0</xilinx:tag>
        <xilinx:tag xilinx:name="ui.data.coregen.dd@666a3c4f_ARCHIVE_LOCATION">c:/eFPGA/ip_repo/ROTARY_ENCODER_1.0</xilinx:tag>
        <xilinx:tag xilinx:name="ui.data.coregen.dd@451d0d32_ARCHIVE_LOCATION">c:/eFPGA/ip_repo/ROTARY_ENCODER_1.0</xilinx:tag>
        <xilinx:tag xilinx:name="ui.data.coregen.dd@62513ae7_ARCHIVE_LOCATION">c:/eFPGA/ip_repo/ROTARY_ENCODER_1.0</xilinx:tag>
        <xilinx:tag xilinx:name="ui.data.coregen.dd@4c559739_ARCHIVE_LOCATION">c:/eFPGA/ip_repo/ROTARY_ENCODER_1.0</xilinx:tag>
        <xilinx:tag xilinx:name="ui.data.coregen.dd@40182032_ARCHIVE_LOCATION">c:/eFPGA/ip_repo/ROTARY_ENCODER_1.0</xilinx:tag>
        <xilinx:tag xilinx:name="ui.data.coregen.dd@77780218_ARCHIVE_LOCATION">c:/eFPGA/ip_repo/ROTARY_ENCODER_1.0</xilinx:tag>
        <xilinx:tag xilinx:name="ui.data.coregen.dd@36c39008_ARCHIVE_LOCATION">c:/eFPGA/ip_repo/ROTARY_ENCODER_1.0</xilinx:tag>
        <xilinx:tag xilinx:name="ui.data.coregen.dd@7848b25_ARCHIVE_LOCATION">c:/eFPGA/ip_repo/ROTARY_ENCODER_1.0</xilinx:tag>
        <xilinx:tag xilinx:name="ui.data.coregen.dd@1e069e38_ARCHIVE_LOCATION">c:/eFPGA/ip_repo/ROTARY_ENCODER_1.0</xilinx:tag>
        <xilinx:tag xilinx:name="ui.data.coregen.dd@52c3356c_ARCHIVE_LOCATION">c:/eFPGA/ip_repo/ROTARY_ENCODER_1.0</xilinx:tag>
        <xilinx:tag xilinx:name="ui.data.coregen.dd@349d2d0f_ARCHIVE_LOCATION">c:/eFPGA/ip_repo/ROTARY_ENCODER_1.0</xilinx:tag>
        <xilinx:tag xilinx:name="ui.data.coregen.dd@35b10fe9_ARCHIVE_LOCATION">c:/eFPGA/ip_repo/ROTARY_ENCODER_1.0</xilinx:tag>
        <xilinx:tag xilinx:name="ui.data.coregen.dd@5fc7854_ARCHIVE_LOCATION">c:/eFPGA/ip_repo/ROTARY_ENCODER_1.0</xilinx:tag>
        <xilinx:tag xilinx:name="ui.data.coregen.dd@16b62e18_ARCHIVE_LOCATION">c:/eFPGA/ip_repo/ROTARY_ENCODER_1.0</xilinx:tag>
        <xilinx:tag xilinx:name="ui.data.coregen.dd@1cdeb987_ARCHIVE_LOCATION">c:/eFPGA/ip_repo/ROTARY_ENCODER_1.0</xilinx:tag>
        <xilinx:tag xilinx:name="ui.data.coregen.dd@7885541e_ARCHIVE_LOCATION">c:/eFPGA/ip_repo/ROTARY_ENCODER_1.0</xilinx:tag>
        <xilinx:tag xilinx:name="ui.data.coregen.dd@4378775f_ARCHIVE_LOCATION">c:/eFPGA/ip_repo/ROTARY_ENCODER_1.0</xilinx:tag>
        <xilinx:tag xilinx:name="ui.data.coregen.dd@5f738fca_ARCHIVE_LOCATION">c:/eFPGA/ip_repo/ROTARY_ENCODER_1.0</xilinx:tag>
        <xilinx:tag xilinx:name="ui.data.coregen.dd@677052ee_ARCHIVE_LOCATION">c:/eFPGA/ip_repo/ROTARY_ENCODER_1.0</xilinx:tag>
        <xilinx:tag xilinx:name="ui.data.coregen.dd@428c3d08_ARCHIVE_LOCATION">c:/eFPGA/ip_repo/ROTARY_ENCODER_1.0</xilinx:tag>
        <xilinx:tag xilinx:name="ui.data.coregen.dd@46223524_ARCHIVE_LOCATION">c:/eFPGA/ip_repo/ROTARY_ENCODER_1.0</xilinx:tag>
        <xilinx:tag xilinx:name="ui.data.coregen.dd@324db1a8_ARCHIVE_LOCATION">c:/eFPGA/ip_repo/ROTARY_ENCODER_1.0</xilinx:tag>
        <xilinx:tag xilinx:name="ui.data.coregen.dd@3a0b361d_ARCHIVE_LOCATION">c:/eFPGA/ip_repo/ROTARY_ENCODER_1.0</xilinx:tag>
        <xilinx:tag xilinx:name="ui.data.coregen.dd@11cc0da_ARCHIVE_LOCATION">c:/eFPGA/ip_repo/ROTARY_ENCODER_1.0</xilinx:tag>
        <xilinx:tag xilinx:name="ui.data.coregen.dd@6fbb2e75_ARCHIVE_LOCATION">c:/eFPGA/ip_repo/ROTARY_ENCODER_1.0</xilinx:tag>
        <xilinx:tag xilinx:name="ui.data.coregen.dd@362e525b_ARCHIVE_LOCATION">c:/eFPGA/ip_repo/ROTARY_ENCODER_1.0</xilinx:tag>
        <xilinx:tag xilinx:name="ui.data.coregen.dd@61eb6240_ARCHIVE_LOCATION">c:/eFPGA/ip_repo/ROTARY_ENCODER_1.0</xilinx:tag>
        <xilinx:tag xilinx:name="ui.data.coregen.dd@2f675ea3_ARCHIVE_LOCATION">c:/eFPGA/ip_repo/ROTARY_ENCODER_1.0</xilinx:tag>
        <xilinx:tag xilinx:name="ui.data.coregen.dd@5aed754_ARCHIVE_LOCATION">c:/eFPGA/ip_repo/ROTARY_ENCODER_1.0</xilinx:tag>
        <xilinx:tag xilinx:name="ui.data.coregen.dd@55e9b5b8_ARCHIVE_LOCATION">c:/eFPGA/ip_repo/ROTARY_ENCODER_1.0</xilinx:tag>
        <xilinx:tag xilinx:name="ui.data.coregen.dd@61daf36e_ARCHIVE_LOCATION">c:/eFPGA/ip_repo/ROTARY_ENCODER_1.0</xilinx:tag>
        <xilinx:tag xilinx:name="ui.data.coregen.dd@7e64da86_ARCHIVE_LOCATION">c:/eFPGA/ip_repo/ROTARY_ENCODER_1.0</xilinx:tag>
        <xilinx:tag xilinx:name="ui.data.coregen.dd@296d145a_ARCHIVE_LOCATION">c:/eFPGA/ip_repo/ROTARY_ENCODER_1.0</xilinx:tag>
        <xilinx:tag xilinx:name="ui.data.coregen.dd@56680522_ARCHIVE_LOCATION">c:/eFPGA/ip_repo/ROTARY_ENCODER_1.0</xilinx:tag>
        <xilinx:tag xilinx:name="ui.data.coregen.dd@14136930_ARCHIVE_LOCATION">c:/eFPGA/ip_repo/ROTARY_ENCODER_1.0</xilinx:tag>
        <xilinx:tag xilinx:name="ui.data.coregen.dd@1d516675_ARCHIVE_LOCATION">c:/eFPGA/ip_repo/ROTARY_ENCODER_1.0</xilinx:tag>
        <xilinx:tag xilinx:name="ui.data.coregen.dd@64934b3f_ARCHIVE_LOCATION">c:/eFPGA/ip_repo/ROTARY_ENCODER_1.0</xilinx:tag>
        <xilinx:tag xilinx:name="ui.data.coregen.dd@54a813e_ARCHIVE_LOCATION">c:/eFPGA/ip_repo/ROTARY_ENCODER_1.0</xilinx:tag>
        <xilinx:tag xilinx:name="ui.data.coregen.dd@4926593e_ARCHIVE_LOCATION">c:/eFPGA/ip_repo/ROTARY_ENCODER_1.0</xilinx:tag>
        <xilinx:tag xilinx:name="ui.data.coregen.dd@5221cc06_ARCHIVE_LOCATION">c:/eFPGA/ip_repo/ROTARY_ENCODER_1.0</xilinx:tag>
        <xilinx:tag xilinx:name="ui.data.coregen.dd@44fedb4e_ARCHIVE_LOCATION">c:/eFPGA/ip_repo/ROTARY_ENCODER_1.0</xilinx:tag>
        <xilinx:tag xilinx:name="ui.data.coregen.dd@37e5e6a8_ARCHIVE_LOCATION">c:/eFPGA/ip_repo/ROTARY_ENCODER_1.0</xilinx:tag>
        <xilinx:tag xilinx:name="ui.data.coregen.dd@7d34bd95_ARCHIVE_LOCATION">c:/eFPGA/ip_repo/ROTARY_ENCODER_1.0</xilinx:tag>
        <xilinx:tag xilinx:name="ui.data.coregen.dd@5f99a67b_ARCHIVE_LOCATION">c:/eFPGA/ip_repo/ROTARY_ENCODER_1.0</xilinx:tag>
        <xilinx:tag xilinx:name="ui.data.coregen.dd@704b431a_ARCHIVE_LOCATION">c:/eFPGA/ip_repo/ROTARY_ENCODER_1.0</xilinx:tag>
        <xilinx:tag xilinx:name="ui.data.coregen.dd@299c1115_ARCHIVE_LOCATION">c:/eFPGA/ip_repo/ROTARY_ENCODER_1.0</xilinx:tag>
        <xilinx:tag xilinx:name="ui.data.coregen.dd@5c106bf9_ARCHIVE_LOCATION">c:/eFPGA/ip_repo/ROTARY_ENCODER_1.0</xilinx:tag>
        <xilinx:tag xilinx:name="ui.data.coregen.dd@428bba5c_ARCHIVE_LOCATION">c:/eFPGA/ip_repo/ROTARY_ENCODER_1.0</xilinx:tag>
        <xilinx:tag xilinx:name="ui.data.coregen.dd@5bc6a424_ARCHIVE_LOCATION">c:/eFPGA/ip_repo/ROTARY_ENCODER_1.0</xilinx:tag>
        <xilinx:tag xilinx:name="ui.data.coregen.dd@2bf07673_ARCHIVE_LOCATION">c:/eFPGA/ip_repo/ROTARY_ENCODER_1.0</xilinx:tag>
        <xilinx:tag xilinx:name="ui.data.coregen.dd@2ce799ac_ARCHIVE_LOCATION">c:/eFPGA/ip_repo/ROTARY_ENCODER_1.0</xilinx:tag>
        <xilinx:tag xilinx:name="ui.data.coregen.dd@41fd326a_ARCHIVE_LOCATION">c:/eFPGA/ip_repo/ROTARY_ENCODER_1.0</xilinx:tag>
        <xilinx:tag xilinx:name="ui.data.coregen.dd@571ad134_ARCHIVE_LOCATION">c:/eFPGA/ip_repo/ROTARY_ENCODER_1.0</xilinx:tag>
        <xilinx:tag xilinx:name="ui.data.coregen.dd@6f83d79a_ARCHIVE_LOCATION">c:/eFPGA/ip_repo/ROTARY_ENCODER_1.0</xilinx:tag>
        <xilinx:tag xilinx:name="ui.data.coregen.dd@23ea8c05_ARCHIVE_LOCATION">c:/eFPGA/ip_repo/ROTARY_ENCODER_1.0</xilinx:tag>
        <xilinx:tag xilinx:name="ui.data.coregen.dd@fa08149_ARCHIVE_LOCATION">c:/eFPGA/ip_repo/ROTARY_ENCODER_1.0</xilinx:tag>
        <xilinx:tag xilinx:name="ui.data.coregen.dd@761a2f57_ARCHIVE_LOCATION">c:/eFPGA/ip_repo/ROTARY_ENCODER_1.0</xilinx:tag>
        <xilinx:tag xilinx:name="ui.data.coregen.dd@5ef98219_ARCHIVE_LOCATION">c:/eFPGA/ip_repo/ROTARY_ENCODER_1.0</xilinx:tag>
        <xilinx:tag xilinx:name="ui.data.coregen.dd@5af08dee_ARCHIVE_LOCATION">c:/eFPGA/ip_repo/ROTARY_ENCODER_1.0</xilinx:tag>
        <xilinx:tag xilinx:name="ui.data.coregen.dd@4467af34_ARCHIVE_LOCATION">c:/eFPGA/ip_repo/ROTARY_ENCODER_1.0</xilinx:tag>
        <xilinx:tag xilinx:name="ui.data.coregen.dd@23aba9d2_ARCHIVE_LOCATION">c:/eFPGA/ip_repo/ROTARY_ENCODER_1.0</xilinx:tag>
        <xilinx:tag xilinx:name="ui.data.coregen.dd@48a151e6_ARCHIVE_LOCATION">c:/eFPGA/ip_repo/ROTARY_ENCODER_1.0</xilinx:tag>
        <xilinx:tag xilinx:name="ui.data.coregen.dd@35de98cf_ARCHIVE_LOCATION">c:/eFPGA/ip_repo/ROTARY_ENCODER_1.0</xilinx:tag>
        <xilinx:tag xilinx:name="ui.data.coregen.dd@531ab96c_ARCHIVE_LOCATION">c:/eFPGA/ip_repo/ROTARY_ENCODER_1.0</xilinx:tag>
        <xilinx:tag xilinx:name="ui.data.coregen.dd@18eba010_ARCHIVE_LOCATION">c:/eFPGA/ip_repo/ROTARY_ENCODER_1.0</xilinx:tag>
        <xilinx:tag xilinx:name="ui.data.coregen.dd@1806b892_ARCHIVE_LOCATION">c:/eFPGA/ip_repo/ROTARY_ENCODER_1.0</xilinx:tag>
        <xilinx:tag xilinx:name="ui.data.coregen.dd@34f719c5_ARCHIVE_LOCATION">c:/eFPGA/ip_repo/ROTARY_ENCODER_1.0</xilinx:tag>
        <xilinx:tag xilinx:name="ui.data.coregen.dd@5d321ee3_ARCHIVE_LOCATION">c:/eFPGA/ip_repo/ROTARY_ENCODER_1.0</xilinx:tag>
        <xilinx:tag xilinx:name="ui.data.coregen.dd@4d8386b6_ARCHIVE_LOCATION">c:/eFPGA/ip_repo/ROTARY_ENCODER_1.0</xilinx:tag>
        <xilinx:tag xilinx:name="ui.data.coregen.dd@11fcd8e2_ARCHIVE_LOCATION">c:/eFPGA/ip_repo/ROTARY_ENCODER_1.0</xilinx:tag>
        <xilinx:tag xilinx:name="ui.data.coregen.dd@3bf32e69_ARCHIVE_LOCATION">c:/eFPGA/ip_repo/ROTARY_ENCODER_1.0</xilinx:tag>
        <xilinx:tag xilinx:name="ui.data.coregen.dd@492f7539_ARCHIVE_LOCATION">c:/eFPGA/ip_repo/ROTARY_ENCODER_1.0</xilinx:tag>
        <xilinx:tag xilinx:name="ui.data.coregen.dd@3a378d7b_ARCHIVE_LOCATION">c:/eFPGA/ip_repo/ROTARY_ENCODER_1.0</xilinx:tag>
        <xilinx:tag xilinx:name="ui.data.coregen.dd@3efec241_ARCHIVE_LOCATION">c:/eFPGA/ip_repo/ROTARY_ENCODER_1.0</xilinx:tag>
        <xilinx:tag xilinx:name="ui.data.coregen.dd@56e7251a_ARCHIVE_LOCATION">c:/eFPGA/ip_repo/ROTARY_ENCODER_1.0</xilinx:tag>
        <xilinx:tag xilinx:name="ui.data.coregen.dd@79dc3eac_ARCHIVE_LOCATION">c:/eFPGA/ip_repo/ROTARY_ENCODER_1.0</xilinx:tag>
        <xilinx:tag xilinx:name="ui.data.coregen.dd@6cdb629c_ARCHIVE_LOCATION">c:/eFPGA/ip_repo/ROTARY_ENCODER_1.0</xilinx:tag>
        <xilinx:tag xilinx:name="ui.data.coregen.dd@25071322_ARCHIVE_LOCATION">c:/eFPGA/ip_repo/ROTARY_ENCODER_1.0</xilinx:tag>
        <xilinx:tag xilinx:name="ui.data.coregen.dd@21ce916f_ARCHIVE_LOCATION">c:/eFPGA/ip_repo/ROTARY_ENCODER_1.0</xilinx:tag>
        <xilinx:tag xilinx:name="ui.data.coregen.dd@39708d3c_ARCHIVE_LOCATION">c:/eFPGA/ip_repo/ROTARY_ENCODER_1.0</xilinx:tag>
        <xilinx:tag xilinx:name="ui.data.coregen.dd@5a659049_ARCHIVE_LOCATION">c:/eFPGA/ip_repo/ROTARY_ENCODER_1.0</xilinx:tag>
        <xilinx:tag xilinx:name="ui.data.coregen.dd@4e4df09f_ARCHIVE_LOCATION">c:/eFPGA/ip_repo/ROTARY_ENCODER_1.0</xilinx:tag>
        <xilinx:tag xilinx:name="ui.data.coregen.dd@6c88113_ARCHIVE_LOCATION">c:/eFPGA/ip_repo/ROTARY_ENCODER_1.0</xilinx:tag>
        <xilinx:tag xilinx:name="ui.data.coregen.dd@463e0f55_ARCHIVE_LOCATION">c:/eFPGA/ip_repo/ROTARY_ENCODER_1.0</xilinx:tag>
        <xilinx:tag xilinx:name="ui.data.coregen.dd@7bff5ca0_ARCHIVE_LOCATION">c:/eFPGA/ip_repo/ROTARY_ENCODER_1.0</xilinx:tag>
        <xilinx:tag xilinx:name="ui.data.coregen.dd@68e141f8_ARCHIVE_LOCATION">c:/eFPGA/ip_repo/ROTARY_ENCODER_1.0</xilinx:tag>
        <xilinx:tag xilinx:name="ui.data.coregen.dd@725edf0_ARCHIVE_LOCATION">c:/eFPGA/ip_repo/ROTARY_ENCODER_1.0</xilinx:tag>
        <xilinx:tag xilinx:name="ui.data.coregen.dd@621cd89d_ARCHIVE_LOCATION">c:/eFPGA/ip_repo/ROTARY_ENCODER_1.0</xilinx:tag>
        <xilinx:tag xilinx:name="ui.data.coregen.dd@3953ca8c_ARCHIVE_LOCATION">c:/eFPGA/ip_repo/ROTARY_ENCODER_1.0</xilinx:tag>
        <xilinx:tag xilinx:name="ui.data.coregen.dd@3be11204_ARCHIVE_LOCATION">c:/eFPGA/ip_repo/ROTARY_ENCODER_1.0</xilinx:tag>
        <xilinx:tag xilinx:name="ui.data.coregen.dd@4d294074_ARCHIVE_LOCATION">c:/eFPGA/ip_repo/ROTARY_ENCODER_1.0</xilinx:tag>
        <xilinx:tag xilinx:name="ui.data.coregen.dd@6542f726_ARCHIVE_LOCATION">c:/eFPGA/ip_repo/ROTARY_ENCODER_1.0</xilinx:tag>
        <xilinx:tag xilinx:name="ui.data.coregen.dd@79981d5_ARCHIVE_LOCATION">c:/eFPGA/ip_repo/ROTARY_ENCODER_1.0</xilinx:tag>
      </xilinx:tags>
    </xilinx:coreExtensions>
    <xilinx:packagingInfo>
      <xilinx:xilinxVersion>2019.2</xilinx:xilinxVersion>
      <xilinx:checksum xilinx:scope="busInterfaces" xilinx:value="7a63f3fc"/>
      <xilinx:checksum xilinx:scope="memoryMaps" xilinx:value="ed1368d5"/>
      <xilinx:checksum xilinx:scope="fileGroups" xilinx:value="019a89dd"/>
      <xilinx:checksum xilinx:scope="ports" xilinx:value="ec03abb9"/>
      <xilinx:checksum xilinx:scope="hdlParameters" xilinx:value="6992ea72"/>
      <xilinx:checksum xilinx:scope="parameters" xilinx:value="f4ead2f5"/>
    </xilinx:packagingInfo>
  </spirit:vendorExtensions>
</spirit:component>
