﻿<?xml version="1.0" encoding="utf-8"?>
<RadDock MdiChildrenDockType="ToolWindow" Padding="0, 0, 0, 0" SplitterWidth="8" IsCleanUpTarget="True" Orientation="Horizontal" EnableCollapsing="True" CausesValidation="False" TabIndex="39" TabStop="False">
  <SerializableAutoHideContainer>
    <LeftAutoHideGroups>
      <Telerik.WinControls.UI.Docking.AutoHideGroup>
        <Windows>
          <Telerik.WinControls.UI.Docking.DockWindowPlaceholder AutoHideSize="250, 200" DockWindowName="radioToolWindow" DockWindowText="Radio" PreviousDockState="Docked" Location="0, 0" Font="Microsoft Sans Serif, 8.25pt" />
        </Windows>
      </Telerik.WinControls.UI.Docking.AutoHideGroup>
      <Telerik.WinControls.UI.Docking.AutoHideGroup>
        <Windows>
          <Telerik.WinControls.UI.Docking.DockWindowPlaceholder AutoHideSize="250, 250" DockWindowName="AM CoChannel Canceller" DockWindowText="AM Co-Channel Canceller *" PreviousDockState="Hidden" Location="0, 0" Font="Microsoft Sans Serif, 8.25pt" />
        </Windows>
      </Telerik.WinControls.UI.Docking.AutoHideGroup>
      <Telerik.WinControls.UI.Docking.AutoHideGroup>
        <Windows>
          <Telerik.WinControls.UI.Docking.DockWindowPlaceholder AutoHideSize="250, 250" DockWindowName="FM CoChannel Canceller" DockWindowText="FM Co-Channel Canceller *" PreviousDockState="Hidden" Location="0, 0" Font="Microsoft Sans Serif, 8.25pt" />
        </Windows>
      </Telerik.WinControls.UI.Docking.AutoHideGroup>
      <Telerik.WinControls.UI.Docking.AutoHideGroup>
        <Windows>
          <Telerik.WinControls.UI.Docking.DockWindowPlaceholder AutoHideSize="250, 250" DockWindowName="AF DNR" DockWindowText="Audio Noise Reduction *" PreviousDockState="Hidden" Location="0, 0" Font="Microsoft Sans Serif, 8.25pt" />
        </Windows>
      </Telerik.WinControls.UI.Docking.AutoHideGroup>
      <Telerik.WinControls.UI.Docking.AutoHideGroup>
        <Windows>
          <Telerik.WinControls.UI.Docking.DockWindowPlaceholder AutoHideSize="250, 250" DockWindowName="IF DNR" DockWindowText="IF Noise Reduction *" PreviousDockState="Hidden" Location="0, 0" Font="Microsoft Sans Serif, 8.25pt" />
        </Windows>
      </Telerik.WinControls.UI.Docking.AutoHideGroup>
      <Telerik.WinControls.UI.Docking.AutoHideGroup>
        <Windows>
          <Telerik.WinControls.UI.Docking.DockWindowPlaceholder AutoHideSize="250, 250" DockWindowName="Baseband Noise Blanker" DockWindowText="Baseband Noise Blanker *" PreviousDockState="Hidden" Location="0, 0" Font="Microsoft Sans Serif, 8.25pt" />
        </Windows>
      </Telerik.WinControls.UI.Docking.AutoHideGroup>
      <Telerik.WinControls.UI.Docking.AutoHideGroup>
        <Windows>
          <Telerik.WinControls.UI.Docking.DockWindowPlaceholder AutoHideSize="250, 250" DockWindowName="IF Noise Blanker" DockWindowText="IF Noise Blanker *" PreviousDockState="Hidden" Location="0, 0" Font="Microsoft Sans Serif, 8.25pt" />
        </Windows>
      </Telerik.WinControls.UI.Docking.AutoHideGroup>
      <Telerik.WinControls.UI.Docking.AutoHideGroup>
        <Windows>
          <Telerik.WinControls.UI.Docking.DockWindowPlaceholder AutoHideSize="250, 250" DockWindowName="Demodulator Noise Blanker" DockWindowText="Demodulator Noise Blanker *" PreviousDockState="Hidden" Location="0, 0" Font="Microsoft Sans Serif, 8.25pt" />
        </Windows>
      </Telerik.WinControls.UI.Docking.AutoHideGroup>
      <Telerik.WinControls.UI.Docking.AutoHideGroup>
        <Windows>
          <Telerik.WinControls.UI.Docking.DockWindowPlaceholder AutoHideSize="250, 250" DockWindowName="Zoom FFT" DockWindowText="Zoom FFT *" PreviousDockState="Hidden" Location="0, 0" Font="Microsoft Sans Serif, 8.25pt" />
        </Windows>
      </Telerik.WinControls.UI.Docking.AutoHideGroup>
      <Telerik.WinControls.UI.Docking.AutoHideGroup>
        <Windows>
          <Telerik.WinControls.UI.Docking.DockWindowPlaceholder AutoHideSize="250, 250" DockWindowName="Band Plan" DockWindowText="Band Plan *" PreviousDockState="Hidden" Location="0, 0" Font="Microsoft Sans Serif, 8.25pt" />
        </Windows>
      </Telerik.WinControls.UI.Docking.AutoHideGroup>
      <Telerik.WinControls.UI.Docking.AutoHideGroup>
        <Windows>
          <Telerik.WinControls.UI.Docking.DockWindowPlaceholder AutoHideSize="250, 250" DockWindowName="Frequency Manager" DockWindowText="Frequency Manager *" PreviousDockState="Hidden" Location="0, 0" Font="Microsoft Sans Serif, 8.25pt" />
        </Windows>
      </Telerik.WinControls.UI.Docking.AutoHideGroup>
      <Telerik.WinControls.UI.Docking.AutoHideGroup>
        <Windows>
          <Telerik.WinControls.UI.Docking.DockWindowPlaceholder AutoHideSize="250, 250" DockWindowName="Signal Diagnostics" DockWindowText="Signal Diagnostics *" PreviousDockState="Hidden" Location="0, 0" Font="Microsoft Sans Serif, 8.25pt" />
        </Windows>
      </Telerik.WinControls.UI.Docking.AutoHideGroup>
    </LeftAutoHideGroups>
    <RightAutoHideGroups>
      <Telerik.WinControls.UI.Docking.AutoHideGroup>
        <Windows>
          <Telerik.WinControls.UI.Docking.DockWindowPlaceholder AutoHideSize="250, 0" DockWindowName="displayToolWindow" DockWindowText="Display" PreviousDockState="Docked" Location="0, 0" Font="Microsoft Sans Serif, 8.25pt" />
        </Windows>
      </Telerik.WinControls.UI.Docking.AutoHideGroup>
      <Telerik.WinControls.UI.Docking.AutoHideGroup>
        <Windows>
          <Telerik.WinControls.UI.Docking.DockWindowPlaceholder AutoHideSize="250, 200" DockWindowName="agcToolWindow" DockWindowText="AGC" PreviousDockState="Docked" Location="0, 0" Font="Microsoft Sans Serif, 8.25pt" />
        </Windows>
      </Telerik.WinControls.UI.Docking.AutoHideGroup>
      <Telerik.WinControls.UI.Docking.AutoHideGroup>
        <Windows>
          <Telerik.WinControls.UI.Docking.DockWindowPlaceholder AutoHideSize="250, 0" DockWindowName="audioToolWindow" DockWindowText="Audio" PreviousDockState="Docked" Location="0, 0" Font="Microsoft Sans Serif, 8.25pt" />
        </Windows>
      </Telerik.WinControls.UI.Docking.AutoHideGroup>
    </RightAutoHideGroups>
  </SerializableAutoHideContainer>
  <Controls>
    <Telerik.WinControls.UI.RadSplitContainer IsCleanUpTarget="True" Orientation="Vertical" SplitterWidth="8" ThemeName="FluentDark" Location="28, 0" Name="" Size="1636, 596" TabIndex="0" TabStop="False">
      <SizeInfo SplitterCorrection="0, 0" AutoSizeScale="0, 0" />
      <Controls>
        <Telerik.WinControls.UI.Docking.ToolTabStrip SelectedIndex="0" CanUpdateChildIndex="True" Size="246, 699" Location="0, 0" ThemeName="FluentDark" Name="DockTabStrip28" TabIndex="4" TabStop="False">
          <SizeInfo SplitterCorrection="0, 0" AutoSizeScale="0, 0" AbsoluteSize="250, 250" />
          <Controls>
            <Telerik.WinControls.UI.Docking.ToolWindow Caption="" AllowedDockState="Docked, Hidden, AutoHide, Floating" PreviousDockState="Hidden" Name="Signal Diagnostics" Size="238, 691" Location="4, 4" Font="Microsoft Sans Serif, 8.25pt" Text="Signal Diagnostics *" />
          </Controls>
        </Telerik.WinControls.UI.Docking.ToolTabStrip>
        <Telerik.WinControls.UI.Docking.ToolTabStrip SelectedIndex="0" CanUpdateChildIndex="True" Size="246, 699" Location="254, 0" ThemeName="FluentDark" Name="DockTabStrip26" TabIndex="3" TabStop="False">
          <SizeInfo SplitterCorrection="0, 0" AutoSizeScale="0, 0" AbsoluteSize="250, 250" />
          <Controls>
            <Telerik.WinControls.UI.Docking.ToolWindow Caption="" AllowedDockState="Docked, Hidden, AutoHide, Floating" PreviousDockState="Hidden" Name="Frequency Manager" Size="238, 691" Location="4, 4" Font="Microsoft Sans Serif, 8.25pt" Text="Frequency Manager *" />
          </Controls>
        </Telerik.WinControls.UI.Docking.ToolTabStrip>
        <Telerik.WinControls.UI.Docking.ToolTabStrip SelectedIndex="0" CanUpdateChildIndex="True" Size="247, 699" Location="508, 0" ThemeName="FluentDark" Name="DockTabStrip24" TabIndex="2" TabStop="False">
          <SizeInfo SplitterCorrection="0, 0" AutoSizeScale="0, 0" AbsoluteSize="250, 250" />
          <Controls>
            <Telerik.WinControls.UI.Docking.ToolWindow Caption="" AllowedDockState="Docked, Hidden, AutoHide, Floating" PreviousDockState="Hidden" Name="Band Plan" Size="239, 691" Location="4, 4" Font="Microsoft Sans Serif, 8.25pt" Text="Band Plan *" />
          </Controls>
        </Telerik.WinControls.UI.Docking.ToolTabStrip>
        <Telerik.WinControls.UI.Docking.ToolTabStrip SelectedIndex="0" CanUpdateChildIndex="True" Size="247, 699" Location="763, 0" ThemeName="FluentDark" Name="DockTabStrip22" TabIndex="1" TabStop="False">
          <SizeInfo SplitterCorrection="0, 0" AutoSizeScale="0, 0" AbsoluteSize="250, 250" />
          <Controls>
            <Telerik.WinControls.UI.Docking.ToolWindow Caption="" AllowedDockState="Docked, Hidden, AutoHide, Floating" PreviousDockState="Hidden" Name="Zoom FFT" Size="239, 691" Location="4, 4" Font="Microsoft Sans Serif, 8.25pt" Text="Zoom FFT *" />
          </Controls>
        </Telerik.WinControls.UI.Docking.ToolTabStrip>
        <Telerik.WinControls.UI.Docking.ToolTabStrip SelectedIndex="0" CanUpdateChildIndex="True" Size="250, 596" Location="0, 0" ThemeName="FluentDark" Name="DockTabStrip17" TabIndex="29" TabStop="False">
          <SizeInfo SplitterCorrection="0, 0" AutoSizeScale="0, 0" AbsoluteSize="250, 250" />
          <Controls>
            <Telerik.WinControls.UI.Docking.ToolWindow Caption="" AllowedDockState="Docked, Hidden, AutoHide, Floating" PreviousDockState="Floating" Name="Wave Recorder" Size="242, 558" Location="4, 34" Font="Microsoft Sans Serif, 8.25pt" Text="Recording *" />
          </Controls>
        </Telerik.WinControls.UI.Docking.ToolTabStrip>
        <Telerik.WinControls.UI.Docking.ToolTabStrip SelectedIndex="0" CanUpdateChildIndex="True" Size="0, 491" Location="8, 0" ThemeName="FluentDark" Name="DockTabStrip15" TabIndex="28" TabStop="False">
          <SizeInfo SplitterCorrection="0, 0" AutoSizeScale="0, 0" AbsoluteSize="250, 250" />
          <Controls>
            <Telerik.WinControls.UI.Docking.ToolWindow Caption="" AllowedDockState="Docked, Hidden, AutoHide, Floating" PreviousDockState="Hidden" Name="Demodulator Noise Blanker" Size="-8, 483" Location="4, 4" Font="Microsoft Sans Serif, 8.25pt" Text="Demodulator Noise Blanker *" />
          </Controls>
        </Telerik.WinControls.UI.Docking.ToolTabStrip>
        <Telerik.WinControls.UI.Docking.ToolTabStrip SelectedIndex="0" CanUpdateChildIndex="True" Size="0, 491" Location="16, 0" ThemeName="FluentDark" Name="DockTabStrip13" TabIndex="27" TabStop="False">
          <SizeInfo SplitterCorrection="0, 0" AutoSizeScale="0, 0" AbsoluteSize="250, 250" />
          <Controls>
            <Telerik.WinControls.UI.Docking.ToolWindow Caption="" AllowedDockState="Docked, Hidden, AutoHide, Floating" PreviousDockState="Hidden" Name="IF Noise Blanker" Size="-8, 483" Location="4, 4" Font="Microsoft Sans Serif, 8.25pt" Text="IF Noise Blanker *" />
          </Controls>
        </Telerik.WinControls.UI.Docking.ToolTabStrip>
        <Telerik.WinControls.UI.Docking.ToolTabStrip SelectedIndex="0" CanUpdateChildIndex="True" Size="0, 491" Location="24, 0" ThemeName="FluentDark" Name="DockTabStrip11" TabIndex="26" TabStop="False">
          <SizeInfo SplitterCorrection="0, 0" AutoSizeScale="0, 0" AbsoluteSize="250, 250" />
          <Controls>
            <Telerik.WinControls.UI.Docking.ToolWindow Caption="" AllowedDockState="Docked, Hidden, AutoHide, Floating" PreviousDockState="Hidden" Name="Baseband Noise Blanker" Size="-8, 483" Location="4, 4" Font="Microsoft Sans Serif, 8.25pt" Text="Baseband Noise Blanker *" />
          </Controls>
        </Telerik.WinControls.UI.Docking.ToolTabStrip>
        <Telerik.WinControls.UI.Docking.ToolTabStrip SelectedIndex="0" CanUpdateChildIndex="True" Size="0, 491" Location="32, 0" ThemeName="FluentDark" Name="DockTabStrip9" TabIndex="25" TabStop="False">
          <SizeInfo SplitterCorrection="0, 0" AutoSizeScale="0, 0" AbsoluteSize="250, 250" />
          <Controls>
            <Telerik.WinControls.UI.Docking.ToolWindow Caption="" AllowedDockState="Docked, Hidden, AutoHide, Floating" PreviousDockState="Hidden" Name="IF DNR" Size="-8, 483" Location="4, 4" Font="Microsoft Sans Serif, 8.25pt" Text="IF Noise Reduction *" />
          </Controls>
        </Telerik.WinControls.UI.Docking.ToolTabStrip>
        <Telerik.WinControls.UI.Docking.ToolTabStrip SelectedIndex="0" CanUpdateChildIndex="True" Size="0, 491" Location="40, 0" ThemeName="FluentDark" Name="DockTabStrip7" TabIndex="24" TabStop="False">
          <SizeInfo SplitterCorrection="0, 0" AutoSizeScale="0, 0" AbsoluteSize="250, 250" />
          <Controls>
            <Telerik.WinControls.UI.Docking.ToolWindow Caption="" AllowedDockState="Docked, Hidden, AutoHide, Floating" PreviousDockState="Hidden" Name="AF DNR" Size="-8, 483" Location="4, 4" Font="Microsoft Sans Serif, 8.25pt" Text="Audio Noise Reduction *" />
          </Controls>
        </Telerik.WinControls.UI.Docking.ToolTabStrip>
        <Telerik.WinControls.UI.Docking.ToolTabStrip SelectedIndex="0" CanUpdateChildIndex="True" Size="0, 491" Location="48, 0" ThemeName="FluentDark" Name="DockTabStrip5" TabIndex="23" TabStop="False">
          <SizeInfo SplitterCorrection="0, 0" AutoSizeScale="0, 0" AbsoluteSize="250, 250" />
          <Controls>
            <Telerik.WinControls.UI.Docking.ToolWindow Caption="" AllowedDockState="Docked, Hidden, AutoHide, Floating" PreviousDockState="Hidden" Name="FM CoChannel Canceller" Size="-8, 483" Location="4, 4" Font="Microsoft Sans Serif, 8.25pt" Text="FM Co-Channel Canceller *" />
          </Controls>
        </Telerik.WinControls.UI.Docking.ToolTabStrip>
        <Telerik.WinControls.UI.Docking.ToolTabStrip SelectedIndex="0" CanUpdateChildIndex="True" Size="0, 491" Location="56, 0" ThemeName="FluentDark" Name="DockTabStrip3" TabIndex="22" TabStop="False">
          <SizeInfo SplitterCorrection="0, 0" AutoSizeScale="0, 0" AbsoluteSize="250, 250" />
          <Controls>
            <Telerik.WinControls.UI.Docking.ToolWindow Caption="" AllowedDockState="Docked, Hidden, AutoHide, Floating" PreviousDockState="Hidden" Name="AM CoChannel Canceller" Size="0, 0" Location="4, 26" Font="Microsoft Sans Serif, 8.25pt" Text="AM Co-Channel Canceller *" />
          </Controls>
        </Telerik.WinControls.UI.Docking.ToolTabStrip>
        <Telerik.WinControls.UI.Docking.DocumentContainer IsMainDocumentContainer="True" Padding="0, 0, 0, 0" SplitterWidth="8" TabIndex="2" Orientation="Vertical" ThemeName="FluentDark" CausesValidation="False" Name="mainDocumentContainer" RightToLeft="No">
          <SizeInfo SplitterCorrection="-421, 0" AutoSizeScale="0, 0" SizeMode="Fill" AbsoluteSize="107, 200" />
          <Controls>
            <Telerik.WinControls.UI.Docking.DocumentTabStrip SelectedIndex="0" TabStripVisible="False" CanUpdateChildIndex="True" Size="1120, 596" Location="0, 0" ThemeName="FluentDark" CausesValidation="False" Name="mainDocumentTabStrip" TabIndex="0" TabStop="False">
              <SizeInfo SplitterCorrection="0, 0" AutoSizeScale="0, 0" />
              <Controls>
                <Telerik.WinControls.UI.Docking.DocumentWindow IsPinned="False" CloseAction="Hide" PreviousDockState="TabbedDocument" Name="mainDocumentWindow" Size="1108, 584" Location="5, 5" Font="Microsoft Sans Serif, 8.25pt" Text="Main Spectrum View" />
              </Controls>
            </Telerik.WinControls.UI.Docking.DocumentTabStrip>
          </Controls>
        </Telerik.WinControls.UI.Docking.DocumentContainer>
        <Telerik.WinControls.UI.Docking.ToolTabStrip AutoHidePosition="Left" SelectedIndex="0" CanUpdateChildIndex="True" Size="0, 491" Location="72, 0" ThemeName="FluentDark" Name="toolTabStrip1" TabIndex="16" TabStop="False">
          <SizeInfo SplitterCorrection="-13, 0" AutoSizeScale="0, 0" AbsoluteSize="250, 200" />
          <Controls>
            <Telerik.WinControls.UI.Docking.ToolWindow Caption="" AllowedDockState="Docked, Hidden, AutoHide, Floating" PreviousDockState="Docked" Name="radioToolWindow" Size="239, 894" Location="4, 38" Font="Microsoft Sans Serif, 8.25pt" Text="Radio" />
          </Controls>
        </Telerik.WinControls.UI.Docking.ToolTabStrip>
        <Telerik.WinControls.UI.Docking.ToolTabStrip AutoHidePosition="Left" SelectedIndex="0" CanUpdateChildIndex="True" Size="250, 596" Location="1386, 0" ThemeName="FluentDark" Name="toolTabStrip2" TabIndex="17" TabStop="False">
          <SizeInfo SplitterCorrection="44, 0" AutoSizeScale="0, 0" AbsoluteSize="250, 200" />
          <Controls>
            <Telerik.WinControls.UI.Docking.ToolWindow Caption="" AllowedDockState="Docked, Hidden, AutoHide, Floating" PreviousDockState="Docked" Name="sourceToolWindow" Size="242, 558" Location="4, 34" Font="Microsoft Sans Serif, 8.25pt" Text="Source: RTL-SDR USB (Original)" />
          </Controls>
        </Telerik.WinControls.UI.Docking.ToolTabStrip>
        <Telerik.WinControls.UI.Docking.ToolTabStrip AutoHidePosition="Right" SelectedIndex="0" CanUpdateChildIndex="True" Size="0, 491" Location="88, 0" ThemeName="FluentDark" Name="toolTabStrip3" TabIndex="18" TabStop="False">
          <SizeInfo SplitterCorrection="57, 0" AutoSizeScale="0, 0" AbsoluteSize="250, 200" />
          <Controls>
            <Telerik.WinControls.UI.Docking.ToolWindow Caption="" AllowedDockState="Docked, Hidden, AutoHide, Floating" PreviousDockState="Docked" Name="agcToolWindow" Size="-8, 483" Location="4, 4" Font="Microsoft Sans Serif, 8.25pt" Text="AGC" />
          </Controls>
        </Telerik.WinControls.UI.Docking.ToolTabStrip>
        <Telerik.WinControls.UI.Docking.ToolTabStrip AutoHidePosition="Right" SelectedIndex="0" CanUpdateChildIndex="True" Size="0, 491" Location="96, 0" ThemeName="FluentDark" Name="toolTabStrip4" TabIndex="20" TabStop="False">
          <SizeInfo SplitterCorrection="18, 0" AutoSizeScale="0, 0" AbsoluteSize="250, 0" />
          <Controls>
            <Telerik.WinControls.UI.Docking.ToolWindow Caption="" AllowedDockState="Docked, Hidden, AutoHide, Floating" PreviousDockState="Docked" Name="displayToolWindow" Size="-8, 483" Location="4, 4" Font="Microsoft Sans Serif, 8.25pt" Text="Display" />
          </Controls>
        </Telerik.WinControls.UI.Docking.ToolTabStrip>
        <Telerik.WinControls.UI.Docking.ToolTabStrip AutoHidePosition="Right" SelectedIndex="0" CanUpdateChildIndex="True" Size="0, 491" Location="104, 0" ThemeName="FluentDark" Name="toolTabStrip5" TabIndex="21" TabStop="False">
          <SizeInfo SplitterCorrection="4, 0" AutoSizeScale="0, 0" AbsoluteSize="250, 0" />
          <Controls>
            <Telerik.WinControls.UI.Docking.ToolWindow Caption="" AllowedDockState="Docked, Hidden, AutoHide, Floating" PreviousDockState="Docked" Name="audioToolWindow" Size="-8, 483" Location="4, 4" Font="Microsoft Sans Serif, 8.25pt" Text="Audio" />
          </Controls>
        </Telerik.WinControls.UI.Docking.ToolTabStrip>
      </Controls>
    </Telerik.WinControls.UI.RadSplitContainer>
    <Telerik.WinControls.UI.RadSplitContainer IsCleanUpTarget="True" Orientation="Vertical" SplitterWidth="8" Collapsed="True" ThemeName="FluentDark" Location="28, 736" Name="" Size="876, 200" TabIndex="1" TabStop="False">
      <SizeInfo SplitterCorrection="0, 0" AutoSizeScale="0, 0" />
      <Controls>
        <Telerik.WinControls.UI.Docking.ToolTabStrip CanUpdateChildIndex="True" Size="287, 200" Location="0, 0" ThemeName="FluentDark" Name="DockTabStrip2" TabIndex="1" TabStop="False">
          <SizeInfo SplitterCorrection="0, 0" AutoSizeScale="0, 0" />
          <Controls>
            <Telerik.WinControls.UI.Docking.ToolWindow Caption="IF Spectrum *" AllowedDockState="Docked, Hidden, Floating" PreviousDockState="Docked" DesiredDockState="Hidden" Name="SDRSharp.PanView.dll/SDRSharp.PanView.SpectrumAnalyzer/IF Spectrum */1" Size="279, 162" Location="4, 34" Font="Microsoft Sans Serif, 8.25pt" Text="IF Spectrum *" />
          </Controls>
        </Telerik.WinControls.UI.Docking.ToolTabStrip>
        <Telerik.WinControls.UI.Docking.ToolTabStrip CanUpdateChildIndex="True" Size="434, 200" Location="0, 0" ThemeName="FluentDark" Name="DockTabStrip3" TabIndex="2" TabStop="False">
          <SizeInfo SplitterCorrection="0, 0" AutoSizeScale="0, 0" />
          <Controls>
            <Telerik.WinControls.UI.Docking.ToolWindow Caption="FM MPX Spectrum *" AllowedDockState="Docked, Hidden, Floating" PreviousDockState="Docked" DesiredDockState="Hidden" Name="SDRSharp.PanView.dll/SDRSharp.PanView.SpectrumAnalyzer/FM MPX Spectrum */1" Size="426, 162" Location="4, 34" Font="Microsoft Sans Serif, 8.25pt" Text="FM MPX Spectrum *" />
          </Controls>
        </Telerik.WinControls.UI.Docking.ToolTabStrip>
        <Telerik.WinControls.UI.Docking.ToolTabStrip CanUpdateChildIndex="True" Size="876, 200" Location="0, 0" ThemeName="FluentDark" Name="DockTabStrip4" TabIndex="3" TabStop="False">
          <SizeInfo SplitterCorrection="0, 0" AutoSizeScale="0, 0" />
          <Controls>
            <Telerik.WinControls.UI.Docking.ToolWindow Caption="Audio Spectrum *" AllowedDockState="Docked, Hidden, Floating" PreviousDockState="Docked" DesiredDockState="Hidden" Name="SDRSharp.PanView.dll/SDRSharp.PanView.SpectrumAnalyzer/Audio Spectrum */1" Size="868, 162" Location="4, 34" Font="Microsoft Sans Serif, 8.25pt" Text="Audio Spectrum *" />
          </Controls>
        </Telerik.WinControls.UI.Docking.ToolTabStrip>
      </Controls>
    </Telerik.WinControls.UI.RadSplitContainer>
  </Controls>
</RadDock>