{
  "host": "localhost",
  "port": 3000,
  "public": "../src/public/",
  "paginate": {
    "default": 10,
    "max": 50
  },
  "authentication": {
    "entity": "user",
    "service": "users",
    "secret": "your-secret-here",
    "authStrategies": ["jwt", "local"],
    "jwtOptions": {
      "header": {
        "typ": "access"
      },
      "audience": "https://intelliflow.pxl-ea-ict.be",
      "issuer": "PXL-Digital",
      "algorithm": "HS256",
      "expiresIn": "1d"
    },
    "local": {
      "usernameField": "username",
      "passwordField": "password"
    }
  },
  "mongodb": "mongodb://mongo/server"
}
